frame,timestamp,side,cx,cy,length,angle_deg,brightness,color
0,0.0,left,595.136,217.988,30.581,177.769,0.95,0
0,0.0,left,239.957,216.064,31.844,191.666,0.9,1
0,0.0,right,277.963,214.224,36.921,16.778,0.9,1
0,0.0,left,439.802,197.716,35.482,170.345,0.9,1
0,0.0,right,511.406,201.242,37.491,-12.767,0.9,1
0,0.0,distractor,99.09,241.006,10.118,111.6,0.35,0
1,0.016666666666666666,left,597.954,218.01,32.235,171.932,0.95,0
1,0.016666666666666666,left,241.255,216.836,33.597,196.285,0.9,1
1,0.016666666666666666,right,278.19,215.108,35.165,16.727,0.9,1
1,0.016666666666666666,left,442.369,198.528,36.714,171.978,0.9,1
1,0.016666666666666666,right,511.543,201.123,34.863,-12.517,0.9,1
2,0.03333333333333333,left,599.994,217.569,30.728,172.201,0.95,0
2,0.03333333333333333,left,240.942,217.112,33.673,194.896,0.9,1
2,0.03333333333333333,right,279.84,213.991,37.301,16.583,0.9,1
2,0.03333333333333333,left,443.46,198.232,36.876,170.692,0.9,1
2,0.03333333333333333,right,512.927,200.482,35.621,-6.536,0.9,1
3,0.05,left,603.675,216.07,32.247,176.974,0.95,0
3,0.05,left,241.0,215.154,33.852,197.472,0.9,1
3,0.05,right,281.011,213.186,35.207,13.168,0.9,1
3,0.05,left,445.072,198.524,38.836,172.05,0.9,1
3,0.05,right,512.356,200.739,36.142,-8.416,0.9,1
4,0.06666666666666667,left,607.283,218.235,30.908,172.824,0.95,0
4,0.06666666666666667,left,240.717,215.773,33.485,196.437,0.9,1
4,0.06666666666666667,right,281.199,214.474,34.527,12.876,0.9,1
4,0.06666666666666667,left,445.433,197.906,39.097,171.097,0.9,1
4,0.06666666666666667,right,513.163,200.565,36.13,-9.256,0.9,1
5,0.08333333333333333,left,609.399,216.505,29.598,172.671,0.95,0
5,0.08333333333333333,left,240.862,216.125,32.771,194.192,0.9,1
5,0.08333333333333333,right,282.039,214.057,35.737,13.052,0.9,1
5,0.08333333333333333,left,447.504,197.966,35.68,170.812,0.9,1
5,0.08333333333333333,right,514.93,200.631,34.542,-11.623,0.9,1
6,0.1,left,611.084,218.277,32.366,169.295,0.95,0
6,0.1,left,242.179,216.814,33.262,192.777,0.9,1
6,0.1,right,283.221,214.667,35.376,13.463,0.9,1
6,0.1,left,449.193,199.906,36.605,165.576,0.9,1
6,0.1,right,516.134,200.185,35.376,-10.62,0.9,1
7,0.11666666666666667,left,614.504,217.926,31.398,173.886,0.95,0
7,0.11666666666666667,left,241.57,215.344,34.534,193.966,0.9,1
7,0.11666666666666667,right,284.728,213.374,34.876,12.569,0.9,1
7,0.11666666666666667,left,449.995,198.105,37.36,167.476,0.9,1
7,0.11666666666666667,right,515.615,200.16,36.066,-10.01,0.9,1
7,0.11666666666666667,distractor,542.789,397.923,11.215,85.237,0.35,1
8,0.13333333333333333,left,618.204,217.366,31.122,169.614,0.95,0
8,0.13333333333333333,left,241.673,215.492,34.267,191.374,0.9,1
8,0.13333333333333333,right,285.1,213.951,38.341,12.318,0.9,1
8,0.13333333333333333,left,452.01,198.929,39.192,172.04,0.9,1
8,0.13333333333333333,right,515.319,201.218,32.297,-8.874,0.9,1
9,0.15,left,619.477,216.235,28.889,173.064,0.95,0
9,0.15,left,242.01,215.331,35.335,195.104,0.9,1
9,0.15,right,286.669,212.745,38.477,10.415,0.9,1
9,0.15,left,452.693,198.766,36.927,169.351,0.9,1
9,0.15,right,518.004,200.975,34.052,-12.631,0.9,1
10,0.16666666666666666,left,622.317,218.594,33.171,168.203,0.95,0
10,0.16666666666666666,left,241.302,216.374,34.491,193.366,0.9,1
10,0.16666666666666666,right,286.683,214.267,37.473,11.236,0.9,1
10,0.16666666666666666,left,455.34,199.349,37.08,169.58,0.9,1
10,0.16666666666666666,right,516.793,201.384,34.779,-12.279,0.9,1
11,0.18333333333333332,left,624.728,216.95,31.729,169.684,0.95,0
11,0.18333333333333332,left,242.654,215.824,34.57,192.268,0.9,1
11,0.18333333333333332,right,288.645,213.716,36.137,12.437,0.9,1
11,0.18333333333333332,left,456.983,198.07,37.937,170.771,0.9,1
11,0.18333333333333332,right,519.363,201.4,36.695,-14.28,0.9,1
12,0.2,left,626.836,218.536,31.197,168.138,0.95,0
12,0.2,left,242.679,215.035,34.234,192.169,0.9,1
12,0.2,right,290.344,213.638,36.858,13.406,0.9,1
12,0.2,left,457.227,198.173,38.114,170.993,0.9,1
12,0.2,right,518.593,202.244,36.157,-12.277,0.9,1
13,0.21666666666666667,left,242.417,216.04,34.018,194.288,0.9,1
13,0.21666666666666667,right,289.62,214.18,35.042,10.801,0.9,1
13,0.21666666666666667,left,458.588,198.781,37.404,170.776,0.9,1
13,0.21666666666666667,right,519.835,201.578,34.745,-16.482,0.9,1
14,0.23333333333333334,left,242.753,215.924,33.988,194.265,0.9,1
14,0.23333333333333334,right,291.662,213.879,36.403,11.406,0.9,1
14,0.23333333333333334,left,460.939,197.866,35.439,167.844,0.9,1
14,0.23333333333333334,right,519.423,201.912,34.619,-11.747,0.9,1
14,0.23333333333333334,distractor,465.595,274.608,7.399,96.852,0.35,0
15,0.25,left,242.638,216.23,33.246,196.268,0.9,1
15,0.25,right,292.528,213.114,37.013,11.81,0.9,1
15,0.25,left,462.147,198.1,38.369,168.252,0.9,1
15,0.25,right,520.246,202.117,37.363,-11.699,0.9,1
16,0.26666666666666666,left,242.9,214.931,33.985,190.903,0.9,1
16,0.26666666666666666,right,294.178,214.003,36.475,11.562,0.9,1
16,0.26666666666666666,left,463.883,199.6,37.478,168.482,0.9,1
16,0.26666666666666666,right,520.026,201.063,34.64,-14.598,0.9,1
17,0.2833333333333333,left,242.538,214.288,35.167,195.779,0.9,1
17,0.2833333333333333,right,296.299,213.003,36.234,12.466,0.9,1
17,0.2833333333333333,left,464.656,198.544,38.209,163.374,0.9,1
17,0.2833333333333333,right,520.924,202.567,35.074,-12.15,0.9,1
18,0.3,left,242.506,215.281,34.514,192.665,0.9,1
18,0.3,right,295.75,213.544,35.763,12.143,0.9,1
18,0.3,left,465.864,199.619,38.499,167.217,0.9,1
18,0.3,right,521.31,201.15,37.876,-11.246,0.9,1
19,0.31666666666666665,left,244.118,215.355,34.635,193.929,0.9,1
19,0.31666666666666665,right,296.474,212.993,35.558,12.092,0.9,1
19,0.31666666666666665,left,467.687,198.594,35.41,169.867,0.9,1
19,0.31666666666666665,right,521.512,200.964,35.176,-11.354,0.9,1
20,0.3333333333333333,left,244.919,216.485,34.546,190.702,0.9,1
20,0.3333333333333333,right,298.038,213.165,35.695,10.483,0.9,1
20,0.3333333333333333,left,468.351,199.466,36.74,169.683,0.9,1
20,0.3333333333333333,right,522.44,202.081,33.515,-11.246,0.9,1
21,0.35,left,243.571,214.286,33.526,192.123,0.9,1
21,0.35,right,298.356,213.085,37.765,11.811,0.9,1
21,0.35,left,469.505,198.79,37.02,165.478,0.9,1
21,0.35,right,523.246,202.159,35.838,-11.285,0.9,1
21,0.35,distractor,196.599,79.221,5.115,113.458,0.35,1
22,0.36666666666666664,left,244.675,214.61,33.007,193.302,0.9,1
22,0.36666666666666664,right,299.638,212.304,36.628,10.85,0.9,1
22,0.36666666666666664,left,470.708,199.732,38.362,169.56,0.9,1
22,0.36666666666666664,right,522.582,201.578,34.25,-13.506,0.9,1
23,0.38333333333333336,left,243.525,215.941,35.005,190.442,0.9,1
23,0.38333333333333336,right,300.428,214.209,36.373,12.281,0.9,1
23,0.38333333333333336,left,471.642,200.274,37.922,167.898,0.9,1
23,0.38333333333333336,right,525.391,202.64,36.898,-13.596,0.9,1
24,0.4,left,245.307,216.021,34.993,188.75,0.9,1
24,0.4,right,302.807,213.907,34.974,7.65,0.9,1
24,0.4,left,473.714,198.391,40.126,168.796,0.9,1
24,0.4,right,524.712,202.292,35.43,-12.945,0.9,1
25,0.4166666666666667,left,243.955,215.48,37.743,192.512,0.9,1
25,0.4166666666666667,right,303.508,212.952,36.927,11.216,0.9,1
25,0.4166666666666667,left,475.261,198.292,39.522,166.899,0.9,1
25,0.4166666666666667,right,523.801,202.58,34.653,-12.314,0.9,1
26,0.43333333333333335,left,245.854,215.335,32.504,191.69,0.9,1
26,0.43333333333333335,right,304.285,213.065,34.8,11.367,0.9,1
26,0.43333333333333335,left,476.008,199.761,37.221,164.899,0.9,1
26,0.43333333333333335,right,523.408,201.558,35.705,-12.497,0.9,1
27,0.45,left,246.925,216.088,36.239,191.898,0.9,1
27,0.45,right,305.542,213.48,37.28,10.159,0.9,1
27,0.45,left,476.932,200.754,35.727,171.496,0.9,1
27,0.45,right,525.208,202.816,34.651,-12.045,0.9,1
28,0.4666666666666667,left,247.03,215.673,34.647,190.31,0.9,1
28,0.4666666666666667,right,307.309,213.019,36.53,11.183,0.9,1
28,0.4666666666666667,left,477.912,199.075,38.684,166.104,0.9,1
28,0.4666666666666667,right,524.944,202.479,36.395,-13.298,0.9,1
28,0.4666666666666667,distractor,424.046,124.09,7.515,118.795,0.35,1
29,0.48333333333333334,left,247.792,214.724,34.657,188.87,0.9,1
29,0.48333333333333334,right,308.951,212.802,35.994,9.425,0.9,1
29,0.48333333333333334,left,478.361,198.898,38.303,167.974,0.9,1
29,0.48333333333333334,right,526.228,201.989,35.67,-15.464,0.9,1
30,0.5,left,248.621,214.833,32.289,190.611,0.9,1
30,0.5,right,309.222,213.117,36.374,10.005,0.9,1
30,0.5,left,480.346,199.352,35.649,167.252,0.9,1
30,0.5,right,525.148,203.257,34.54,-16.114,0.9,1
31,0.5166666666666667,left,247.838,215.412,33.527,191.8,0.9,1
31,0.5166666666666667,right,311.061,213.455,37.047,8.637,0.9,1
31,0.5166666666666667,left,480.829,198.998,37.513,169.091,0.9,1
31,0.5166666666666667,right,524.724,201.86,33.962,-16.832,0.9,1
32,0.5333333333333333,left,248.236,214.012,34.321,189.931,0.9,1
32,0.5333333333333333,right,312.457,213.938,35.932,12.409,0.9,1
32,0.5333333333333333,left,482.638,198.977,35.413,166.8,0.9,1
32,0.5333333333333333,right,525.589,202.46,35.817,-13.079,0.9,1
33,0.55,right,552.716,200.381,32.64,7.516,0.95,0
33,0.55,left,249.209,213.878,32.682,189.741,0.9,1
33,0.55,right,313.162,213.103,36.642,8.864,0.9,1
33,0.55,left,484.254,199.475,36.68,167.062,0.9,1
33,0.55,right,526.33,202.719,34.754,-14.6,0.9,1
34,0.5666666666666667,right,557.423,201.192,29.808,5.339,0.95,0
34,0.5666666666666667,left,250.282,213.913,35.319,189.968,0.9,1
34,0.5666666666666667,right,314.831,214.469,36.76,10.186,0.9,1
34,0.5666666666666667,left,484.928,199.622,36.564,167.963,0.9,1
34,0.5666666666666667,right,525.604,202.202,34.102,-14.8,0.9,1
35,0.5833333333333334,right,560.182,201.49,31.125,3.384,0.95,0
35,0.5833333333333334,left,249.854,214.905,36.171,191.603,0.9,1
35,0.5833333333333334,right,316.195,213.017,38.456,9.598,0.9,1
35,0.5833333333333334,left,485.263,200.969,37.439,164.817,0.9,1
35,0.5833333333333334,right,525.852,203.494,33.221,-14.256,0.9,1
35,0.5833333333333334,distractor,496.979,439.862,10.136,64.579,0.35,1
36,0.6,right,564.404,200.889,30.346,6.374,0.95,0
36,0.6,left,251.005,214.713,35.546,188.069,0.9,1
36,0.6,right,317.514,212.345,36.701,12.698,0.9,1
36,0.6,left,486.261,200.128,38.262,165.304,0.9,1
36,0.6,right,526.956,202.926,33.989,-15.855,0.9,1
37,0.6166666666666667,right,568.589,200.742,31.332,2.3,0.95,0
37,0.6166666666666667,left,250.298,215.365,34.063,187.824,0.9,1
37,0.6166666666666667,right,317.284,212.426,35.474,9.964,0.9,1
37,0.6166666666666667,left,487.729,199.482,37.223,164.825,0.9,1
37,0.6166666666666667,right,527.343,202.191,34.758,-14.876,0.9,1
38,0.6333333333333333,right,573.109,201.045,29.503,3.053,0.95,0
38,0.6333333333333333,left,252.145,215.207,35.323,190.213,0.9,1
38,0.6333333333333333,right,319.745,212.412,39.698,8.348,0.9,1
38,0.6333333333333333,left,489.21,199.547,37.131,166.55,0.9,1
38,0.6333333333333333,right,526.455,204.565,32.695,-16.885,0.9,1
39,0.65,right,576.7,200.134,30.213,-0.238,0.95,0
39,0.65,left,253.925,214.548,36.937,188.946,0.9,1
39,0.65,right,321.626,212.659,36.076,11.22,0.9,1
39,0.65,left,488.61,200.153,38.541,163.633,0.9,1
39,0.65,right,526.188,203.224,33.939,-14.214,0.9,1
40,0.6666666666666666,right,580.055,200.7,28.618,1.959,0.95,0
40,0.6666666666666666,left,254.017,214.632,33.133,191.73,0.9,1
40,0.6666666666666666,right,321.425,214.147,35.721,10.5,0.9,1
40,0.6666666666666666,left,489.62,199.034,38.243,166.688,0.9,1
40,0.6666666666666666,right,526.448,202.415,35.525,-16.469,0.9,1
41,0.6833333333333333,right,583.01,200.557,30.33,-1.188,0.95,0
41,0.6833333333333333,left,254.081,213.936,33.692,187.61,0.9,1
41,0.6833333333333333,right,323.61,212.755,35.082,8.687,0.9,1
41,0.6833333333333333,left,491.583,198.919,37.06,164.006,0.9,1
41,0.6833333333333333,right,526.217,202.912,34.354,-13.557,0.9,1
42,0.7,right,588.977,200.916,30.219,0.72,0.95,0
42,0.7,left,254.025,215.038,35.961,190.523,0.9,1
42,0.7,right,324.408,212.944,36.096,6.27,0.9,1
42,0.7,left,492.572,200.252,39.477,165.975,0.9,1
42,0.7,right,526.64,203.311,34.049,-14.661,0.9,1
42,0.7,distractor,82.006,255.226,7.876,68.453,0.35,1
43,0.7166666666666667,right,592.253,201.815,30.961,1.611,0.95,0
43,0.7166666666666667,left,255.641,214.869,33.722,188.668,0.9,1
43,0.7166666666666667,right,326.362,213.22,36.208,7.365,0.9,1
43,0.7166666666666667,left,493.494,200.06,35.481,165.373,0.9,1
43,0.7166666666666667,right,526.902,203.334,34.087,-15.026,0.9,1
44,0.7333333333333333,right,595.752,201.366,29.732,-0.62,0.95,0
44,0.7333333333333333,left,256.256,216.237,34.315,192.343,0.9,1
44,0.7333333333333333,right,328.21,212.968,34.93,8.889,0.9,1
44,0.7333333333333333,left,494.29,200.689,38.263,163.985,0.9,1
44,0.7333333333333333,right,527.642,202.817,32.99,-11.736,0.9,1
45,0.75,right,599.319,200.886,30.42,-1.568,0.95,0
45,0.75,left,256.665,215.25,33.077,190.545,0.9,1
45,0.75,right,328.762,213.045,36.48,8.297,0.9,1
45,0.75,left,495.901,199.903,35.655,167.096,0.9,1
45,0.75,right,526.842,202.915,33.768,-16.134,0.9,1
48,0.8,right,611.482,200.877,29.142,-6.203,0.95,0
48,0.8,left,258.459,214.591,34.653,190.645,0.9,1
48,0.8,right,333.811,212.241,36.869,5.46,0.9,1
48,0.8,left,497.444,201.677,39.179,167.752,0.9,1
48,0.8,right,527.844,204.334,33.722,-11.647,0.9,1
49,0.8166666666666667,left,537.73,202.643,29.229,175.207,0.95,0
49,0.8166666666666667,right,613.443,202.371,28.223,-4.964,0.95,0
49,0.8166666666666667,left,259.371,214.179,35.615,190.43,0.9,1
49,0.8166666666666667,right,334.92,212.878,34.984,5.234,0.9,1
49,0.8166666666666667,left,498.908,199.811,37.32,167.213,0.9,1
49,0.8166666666666667,right,526.666,204.819,34.335,-14.647,0.9,1
49,0.8166666666666667,distractor,44.349,324.345,8.635,85.333,0.35,1
50,0.8333333333333334,left,543.39,200.418,28.259,178.456,0.95,0
50,0.8333333333333334,right,617.824,202.788,28.468,-2.898,0.95,0
50,0.8333333333333334,left,259.836,214.212,33.486,191.127,0.9,1
50,0.8333333333333334,right,336.019,212.188,37.206,5.962,0.9,1
50,0.8333333333333334,left,499.262,200.433,34.949,167.799,0.9,1
50,0.8333333333333334,right,526.596,203.242,32.748,-14.95,0.9,1
51,0.85,left,546.977,203.149,30.077,179.882,0.95,0
51,0.85,right,621.21,201.454,30.369,-5.641,0.95,0
51,0.85,left,260.933,213.956,34.176,187.031,0.9,1
51,0.85,right,337.143,212.918,38.751,8.005,0.9,1
51,0.85,left,499.199,200.306,35.587,165.319,0.9,1
51,0.85,right,525.268,203.121,34.463,-17.33,0.9,1
52,0.8666666666666667,left,551.277,201.128,30.995,176.932,0.95,0
52,0.8666666666666667,right,624.916,202.45,31.58,2.225,0.95,0
52,0.8666666666666667,left,261.99,215.017,35.456,184.472,0.9,1
52,0.8666666666666667,right,338.973,212.977,37.578,7.047,0.9,1
52,0.8666666666666667,left,500.154,200.715,35.13,164.208,0.9,1
52,0.8666666666666667,right,526.242,203.869,32.762,-14.38,0.9,1
53,0.8833333333333333,left,555.053,202.461,29.175,172.524,0.95,0
53,0.8833333333333333,right,628.16,201.918,29.717,-12.384,0.95,0
53,0.8833333333333333,left,262.244,214.19,35.547,189.664,0.9,1
53,0.8833333333333333,right,339.213,212.427,35.001,7.98,0.9,1
53,0.8833333333333333,left,501.711,200.532,39.225,165.493,0.9,1
53,0.8833333333333333,right,527.001,203.707,33.838,-17.063,0.9,1
54,0.9,left,558.412,201.219,29.958,173.168,0.95,0
54,0.9,left,263.52,214.809,36.039,189.687,0.9,1
54,0.9,right,341.93,212.164,34.351,4.707,0.9,1
54,0.9,left,502.392,201.013,36.4,165.954,0.9,1
54,0.9,right,526.489,204.014,33.611,-13.903,0.9,1
55,0.9166666666666666,left,564.103,201.837,30.131,175.914,0.95,0
55,0.9166666666666666,left,264.5,213.687,35.264,187.971,0.9,1
55,0.9166666666666666,right,342.301,211.455,35.449,6.746,0.9,1
55,0.9166666666666666,left,501.83,201.602,37.49,163.417,0.9,1
55,0.9166666666666666,right,526.724,204.483,33.476,-14.585,0.9,1
56,0.9333333333333333,left,566.302,202.014,29.064,175.779,0.95,0
56,0.9333333333333333,left,265.669,214.068,35.683,190.453,0.9,1
56,0.9333333333333333,right,343.333,212.554,38.119,6.899,0.9,1
56,0.9333333333333333,left,503.599,200.936,38.716,161.921,0.9,1
56,0.9333333333333333,right,526.284,204.383,31.98,-14.915,0.9,1
56,0.9333333333333333,distractor,546.762,261.78,13.672,85.527,0.35,1
57,0.95,left,570.254,201.882,28.439,173.315,0.95,0
57,0.95,left,265.364,213.669,36.463,186.345,0.9,1
57,0.95,right,346.753,212.603,35.448,7.031,0.9,1
57,0.95,left,504.784,200.997,36.579,166.225,0.9,1
57,0.95,right,525.606,204.436,34.145,-13.761,0.9,1
58,0.9666666666666667,left,574.196,201.933,28.736,176.365,0.95,0
58,0.9666666666666667,left,266.696,213.16,35.678,185.975,0.9,1
58,0.9666666666666667,right,346.969,212.582,38.293,7.034,0.9,1
58,0.9666666666666667,left,505.736,200.83,35.94,166.272,0.9,1
58,0.9666666666666667,right,524.787,205.101,32.954,-15.656,0.9,1
59,0.9833333333333333,left,578.833,200.684,29.279,174.514,0.95,0
59,0.9833333333333333,left,267.902,214.572,34.029,189.341,0.9,1
59,0.9833333333333333,right,348.103,213.041,35.453,6.877,0.9,1
59,0.9833333333333333,left,505.818,200.962,36.78,165.294,0.9,1
59,0.9833333333333333,right,525.527,204.146,33.3,-16.472,0.9,1
60,1.0,left,582.087,203.151,30.017,171.29,0.95,0
60,1.0,left,269.307,213.88,36.51,186.606,0.9,1
60,1.0,right,350.12,213.107,37.122,3.064,0.9,1
60,1.0,left,506.719,200.513,35.324,166.778,0.9,1
60,1.0,right,524.738,204.884,32.334,-12.917,0.9,1
61,1.0166666666666666,left,586.048,202.622,30.313,174.762,0.95,0
61,1.0166666666666666,left,269.614,214.382,35.951,185.319,0.9,1
61,1.0166666666666666,right,351.517,212.977,37.585,3.105,0.9,1
61,1.0166666666666666,left,506.526,200.782,34.111,164.291,0.9,1
61,1.0166666666666666,right,523.82,204.878,32.593,-15.701,0.9,1
62,1.0333333333333334,left,590.164,202.586,28.382,170.22,0.95,0
62,1.0333333333333334,left,270.243,213.29,36.533,188.633,0.9,1
62,1.0333333333333334,right,352.956,213.614,34.49,6.618,0.9,1
62,1.0333333333333334,left,508.051,200.818,36.591,163.865,0.9,1
62,1.0333333333333334,right,524.498,204.607,33.057,-14.701,0.9,1
63,1.05,left,593.725,202.206,29.944,170.454,0.95,0
63,1.05,left,271.868,214.639,36.473,185.727,0.9,1
63,1.05,right,354.346,212.606,34.765,6.315,0.9,1
63,1.05,left,508.797,201.343,37.179,163.12,0.9,1
63,1.05,right,523.755,204.738,34.265,-15.118,0.9,1
63,1.05,distractor,260.926,249.861,13.445,93.84,0.35,1
64,1.0666666666666667,left,597.806,202.62,31.398,166.774,0.95,0
64,1.0666666666666667,left,271.764,213.858,34.853,185.724,0.9,1
64,1.0666666666666667,right,354.881,212.963,37.382,7.675,0.9,1
64,1.0666666666666667,left,509.376,201.456,37.262,167.547,0.9,1
64,1.0666666666666667,right,522.969,205.28,35.981,-14.225,0.9,1
65,1.0833333333333333,left,600.371,203.195,28.481,165.188,0.95,0
65,1.0833333333333333,left,271.763,213.051,37.151,188.71,0.9,1
65,1.0833333333333333,right,356.419,212.471,38.023,4.338,0.9,1
65,1.0833333333333333,left,510.169,201.278,35.944,167.303,0.9,1
65,1.0833333333333333,right,523.775,205.033,32.715,-13.209,0.9,1
66,1.1,left,604.087,202.83,28.649,167.163,0.95,0
66,1.1,left,274.9,213.239,33.407,183.611,0.9,1
66,1.1,right,358.821,212.71,36.957,4.72,0.9,1
66,1.1,left,509.777,201.218,34.419,162.342,0.9,1
66,1.1,right,523.657,204.855,32.91,-16.365,0.9,1
67,1.1166666666666667,left,607.559,203.155,29.108,168.829,0.95,0
67,1.1166666666666667,left,276.882,213.79,34.007,188.094,0.9,1
67,1.1166666666666667,right,359.541,212.82,36.658,6.521,0.9,1
67,1.1166666666666667,left,511.322,201.747,36.92,165.656,0.9,1
67,1.1166666666666667,right,523.492,204.218,32.321,-15.985,0.9,1
68,1.1333333333333333,left,611.612,202.232,29.006,165.283,0.95,0
68,1.1333333333333333,left,277.416,213.809,36.11,186.952,0.9,1
68,1.1333333333333333,right,361.092,213.296,36.556,6.255,0.9,1
68,1.1333333333333333,left,510.945,201.609,36.197,163.209,0.9,1
68,1.1333333333333333,right,523.266,205.422,32.436,-16.015,0.9,1
69,1.15,left,615.471,203.369,29.99,165.984,0.95,0
69,1.15,left,278.211,214.105,35.148,184.074,0.9,1
69,1.15,right,363.1,212.733,36.396,5.515,0.9,1
69,1.15,left,511.563,202.218,34.339,162.902,0.9,1
69,1.15,right,522.376,205.61,32.169,-14.473,0.9,1
70,1.1666666666666667,distractor,327.511,362.069,10.755,105.95,0.35,0
71,1.1833333333333333,left,619.846,203.737,27.696,170.438,0.95,0
71,1.1833333333333333,left,279.238,212.933,35.753,183.93,0.9,1
71,1.1833333333333333,right,366.567,212.497,36.79,6.789,0.9,1
71,1.1833333333333333,left,512.116,200.872,33.484,167.279,0.9,1
71,1.1833333333333333,right,521.662,205.2,33.359,-13.295,0.9,1
72,1.2,left,622.991,204.599,28.563,168.778,0.95,0
72,1.2,left,280.217,214.036,36.681,185.583,0.9,1
72,1.2,right,366.368,213.34,37.459,-0.25,0.9,1
72,1.2,left,512.211,202.084,36.171,166.915,0.9,1
72,1.2,right,521.01,204.773,32.849,-15.952,0.9,1
74,1.2333333333333334,left,282.861,213.245,34.664,185.774,0.9,1
74,1.2333333333333334,right,370.257,212.678,36.516,5.42,0.9,1
74,1.2333333333333334,left,514.149,202.534,36.529,164.963,0.9,1
75,1.25,left,284.547,213.88,36.306,183.868,0.9,1
75,1.25,right,370.991,212.516,34.514,3.432,0.9,1
75,1.25,left,513.914,202.557,35.043,162.413,0.9,1
76,1.2666666666666666,left,286.066,213.475,35.947,183.243,0.9,1
76,1.2666666666666666,right,372.353,212.178,37.891,4.041,0.9,1
76,1.2666666666666666,left,513.566,202.084,34.733,163.889,0.9,1
77,1.2833333333333334,left,287.178,213.376,38.099,183.608,0.9,1
77,1.2833333333333334,right,374.721,212.869,36.008,2.296,0.9,1
77,1.2833333333333334,left,515.384,202.243,34.594,165.904,0.9,1
77,1.2833333333333334,distractor,588.381,249.287,11.705,103.038,0.35,1
78,1.3,left,287.751,212.897,36.284,184.677,0.9,1
78,1.3,right,375.339,211.838,36.536,1.252,0.9,1
78,1.3,left,515.35,202.31,34.152,160.735,0.9,1
79,1.3166666666666667,right,507.175,219.929,24.929,12.327,0.95,0
79,1.3166666666666667,left,288.224,213.61,35.81,184.62,0.9,1
79,1.3166666666666667,right,377.056,213.417,35.642,2.879,0.9,1
79,1.3166666666666667,left,515.686,202.312,37.391,165.423,0.9,1
80,1.3333333333333333,right,509.733,220.336,26.812,7.585,0.95,0
80,1.3333333333333333,left,290.097,213.761,35.445,183.202,0.9,1
80,1.3333333333333333,right,378.597,212.423,38.095,3.9,0.9,1
80,1.3333333333333333,left,516.711,201.968,34.091,161.108,0.9,1
81,1.35,right,513.094,220.238,27.608,4.516,0.95,0
81,1.35,left,291.436,213.258,35.936,184.336,0.9,1
81,1.35,right,379.449,212.629,36.833,-1.005,0.9,1
81,1.35,left,516.109,202.948,33.86,163.488,0.9,1
83,1.3833333333333333,right,518.65,220.515,25.738,4.872,0.95,0
83,1.3833333333333333,left,292.292,212.155,35.196,182.137,0.9,1
83,1.3833333333333333,right,383.019,213.031,34.731,2.91,0.9,1
83,1.3833333333333333,left,517.05,202.364,35.763,163.977,0.9,1
84,1.4,right,521.919,219.876,26.98,6.279,0.95,0
84,1.4,left,295.225,211.705,35.785,185.371,0.9,1
84,1.4,right,383.833,212.808,36.802,4.974,0.9,1
84,1.4,left,516.401,201.434,34.426,164.486,0.9,1
84,1.4,distractor,302.623,232.845,7.289,113.155,0.35,1
85,1.4166666666666667,right,524.376,219.143,27.61,8.531,0.95,0
85,1.4166666666666667,left,295.178,213.676,35.188,184.341,0.9,1
85,1.4166666666666667,right,385.993,212.863,36.518,1.333,0.9,1
85,1.4166666666666667,left,515.446,202.778,35.058,162.255,0.9,1
86,1.4333333333333333,right,527.007,219.9,26.628,4.135,0.95,0
86,1.4333333333333333,left,297.422,212.875,33.81,183.851,0.9,1
86,1.4333333333333333,right,386.806,213.497,34.941,-1.303,0.9,1
86,1.4333333333333333,left,517.458,203.478,34.137,161.581,0.9,1
87,1.45,right,529.756,221.505,26.799,4.067,0.95,0
87,1.45,left,298.829,212.729,36.377,182.058,0.9,1
87,1.45,right,389.339,213.305,38.491,0.042,0.9,1
87,1.45,left,518.568,202.634,34.431,165.041,0.9,1
88,1.4666666666666666,right,533.096,219.832,27.04,6.526,0.95,0
88,1.4666666666666666,left,298.549,212.898,37.027,182.716,0.9,1
88,1.4666666666666666,right,390.482,212.877,37.255,-1.539,0.9,1
88,1.4666666666666666,left,516.986,202.75,35.431,162.389,0.9,1
89,1.4833333333333334,right,535.915,220.142,26.406,2.61,0.95,0
89,1.4833333333333334,left,301.763,212.407,34.872,178.458,0.9,1
89,1.4833333333333334,right,391.219,212.612,36.148,2.049,0.9,1
89,1.4833333333333334,left,517.319,204.507,35.803,165.59,0.9,1
90,1.5,right,538.692,220.402,27.408,4.522,0.95,0
90,1.5,left,301.18,212.997,37.167,181.49,0.9,1
90,1.5,right,393.394,212.932,34.794,2.336,0.9,1
90,1.5,left,517.668,202.961,35.51,164.491,0.9,1
91,1.5166666666666666,distractor,421.096,325.809,14.596,118.732,0.35,1
92,1.5333333333333334,right,545.304,220.066,27.624,3.41,0.95,0
92,1.5333333333333334,left,304.002,212.934,37.179,181.18,0.9,1
92,1.5333333333333334,right,395.921,213.75,35.771,0.653,0.9,1
92,1.5333333333333334,left,519.164,202.231,35.211,161.25,0.9,1
93,1.55,right,548.367,221.159,28.189,2.3,0.95,0
93,1.55,left,306.808,212.64,35.484,182.205,0.9,1
93,1.55,right,397.882,212.92,36.572,2.263,0.9,1
93,1.55,left,517.713,203.879,34.742,165.417,0.9,1
94,1.5666666666666667,right,551.193,220.65,26.777,-0.341,0.95,0
94,1.5666666666666667,left,307.779,213.244,37.392,181.446,0.9,1
94,1.5666666666666667,right,398.556,213.736,37.133,-1.365,0.9,1
94,1.5666666666666667,left,518.808,202.903,33.637,163.582,0.9,1
95,1.5833333333333333,right,552.854,221.14,27.358,3.066,0.95,0
95,1.5833333333333333,left,308.959,212.81,36.085,182.12,0.9,1
95,1.5833333333333333,right,399.268,212.96,36.198,-0.929,0.9,1
95,1.5833333333333333,left,518.48,203.67,34.204,165.701,0.9,1
96,1.6,right,555.161,220.849,25.17,0.367,0.95,0
96,1.6,left,310.07,213.536,34.483,181.341,0.9,1
96,1.6,right,401.891,212.886,36.503,-1.78,0.9,1
96,1.6,left,517.838,202.829,32.976,165.828,0.9,1
97,1.6166666666666667,right,558.403,220.678,27.507,-3.532,0.95,0
97,1.6166666666666667,left,311.079,213.164,35.702,182.438,0.9,1
97,1.6166666666666667,right,403.311,213.516,38.235,-2.242,0.9,1
97,1.6166666666666667,left,519.456,203.101,35.731,163.353,0.9,1
98,1.6333333333333333,right,561.357,219.573,28.178,0.554,0.95,0
98,1.6333333333333333,left,312.385,213.174,38.541,184.134,0.9,1
98,1.6333333333333333,right,403.944,212.585,38.045,0.757,0.9,1
98,1.6333333333333333,left,518.136,202.437,31.996,166.11,0.9,1
98,1.6333333333333333,distractor,354.682,307.902,8.076,107.988,0.35,1
99,1.65,right,562.97,220.68,27.235,-1.426,0.95,0
99,1.65,right,205.69,204.322,32.986,15.217,0.9,1
99,1.65,left,313.993,212.929,35.265,185.369,0.9,1
99,1.65,right,406.809,213.249,36.772,-3.579,0.9,1
99,1.65,left,519.178,203.351,35.267,162.757,0.9,1
100,1.6666666666666667,right,566.665,219.95,26.422,-5.119,0.95,0
100,1.6666666666666667,right,205.19,204.931,34.078,15.24,0.9,1
100,1.6666666666666667,left,315.66,213.116,39.091,180.335,0.9,1
100,1.6666666666666667,right,407.297,212.286,37.624,-3.217,0.9,1
100,1.6666666666666667,left,518.43,202.604,32.417,166.163,0.9,1
101,1.6833333333333333,right,567.591,220.063,25.883,-1.186,0.95,0
101,1.6833333333333333,right,205.239,203.175,34.565,16.525,0.9,1
101,1.6833333333333333,left,315.568,213.74,37.926,179.764,0.9,1
101,1.6833333333333333,right,408.753,213.046,37.488,-1.324,0.9,1
102,1.7,right,571.35,220.545,27.565,-5.257,0.95,0
102,1.7,right,204.174,203.208,32.958,12.024,0.9,1
102,1.7,left,317.773,212.57,36.83,178.479,0.9,1
102,1.7,right,408.592,213.153,38.216,-1.583,0.9,1
103,1.7166666666666666,right,572.577,221.529,26.736,-1.839,0.95,0
103,1.7166666666666666,right,205.354,204.52,33.102,16.557,0.9,1
103,1.7166666666666666,left,319.587,213.328,37.559,183.319,0.9,1
103,1.7166666666666666,right,412.115,212.363,35.364,-1.632,0.9,1
105,1.75,right,578.531,221.429,26.309,-8.149,0.95,0
105,1.75,right,205.552,203.315,34.936,18.988,0.9,1
105,1.75,left,322.847,212.609,36.869,178.703,0.9,1
105,1.75,right,413.964,212.84,36.613,-0.856,0.9,1
105,1.75,distractor,496.839,200.779,7.025,109.911,0.35,0
106,1.7666666666666666,right,581.338,219.863,26.37,-3.029,0.95,0
106,1.7666666666666666,right,204.539,203.865,33.972,14.374,0.9,1
106,1.7666666666666666,left,323.392,213.12,37.679,181.189,0.9,1
106,1.7666666666666666,right,416.65,212.553,35.097,-3.997,0.9,1
107,1.7833333333333334,right,582.64,220.562,26.44,-4.214,0.95,0
107,1.7833333333333334,right,204.908,203.695,34.043,16.764,0.9,1
107,1.7833333333333334,left,325.572,212.554,36.023,181.928,0.9,1
107,1.7833333333333334,right,416.938,212.364,35.503,0.207,0.9,1
108,1.8,right,585.834,221.943,26.554,0.112,0.95,0
108,1.8,right,204.758,204.759,34.754,13.77,0.9,1
108,1.8,left,327.329,212.994,36.843,182.508,0.9,1
108,1.8,right,417.398,211.152,36.025,1.057,0.9,1
109,1.8166666666666667,right,587.05,220.943,23.898,-6.705,0.95,0
109,1.8166666666666667,right,205.694,203.056,33.392,16.297,0.9,1
109,1.8166666666666667,left,329.683,212.685,36.384,178.846,0.9,1
109,1.8166666666666667,right,419.587,213.231,33.896,-0.517,0.9,1
110,1.8333333333333333,left,529.7,220.733,27.501,174.881,0.95,0
110,1.8333333333333333,right,589.656,221.737,26.531,-5.717,0.95,0
110,1.8333333333333333,right,205.614,203.802,34.74,14.083,0.9,1
110,1.8333333333333333,left,329.951,212.55,38.823,179.388,0.9,1
110,1.8333333333333333,right,420.94,212.417,38.634,-3.342,0.9,1
111,1.85,left,531.663,220.778,25.02,170.986,0.95,0
111,1.85,right,591.688,221.271,25.615,-7.8,0.95,0
111,1.85,right,205.262,203.667,32.417,16.192,0.9,1
111,1.85,left,331.335,212.837,35.134,180.82,0.9,1
111,1.85,right,421.556,212.703,37.955,-1.576,0.9,1
112,1.8666666666666667,left,535.071,220.427,25.815,170.565,0.95,0
112,1.8666666666666667,right,593.34,220.547,27.509,-10.856,0.95,0
112,1.8666666666666667,right,206.995,203.472,34.846,13.778,0.9,1
112,1.8666666666666667,left,333.106,213.265,36.127,175.751,0.9,1
112,1.8666666666666667,right,423.906,212.993,34.802,-3.343,0.9,1
112,1.8666666666666667,distractor,49.203,302.257,10.973,87.494,0.35,1
113,1.8833333333333333,left,538.087,220.367,25.902,173.787,0.95,0
113,1.8833333333333333,right,594.718,220.712,25.634,-5.265,0.95,0
113,1.8833333333333333,right,207.799,203.04,34.47,14.385,0.9,1
113,1.8833333333333333,left,333.664,213.424,35.685,177.628,0.9,1
113,1.8833333333333333,right,425.221,214.075,36.598,-2.366,0.9,1
114,1.9,left,540.384,221.282,25.948,175.488,0.95,0
114,1.9,right,596.207,221.41,25.529,-12.087,0.95,0
114,1.9,right,206.535,201.814,32.075,15.557,0.9,1
114,1.9,left,336.628,212.563,36.692,177.551,0.9,1
114,1.9,right,426.893,214.042,36.115,1.011,0.9,1
115,1.9166666666666667,left,543.922,221.765,28.648,173.683,0.95,0
115,1.9166666666666667,right,598.608,222.228,25.952,-5.968,0.95,0
115,1.9166666666666667,right,208.625,202.966,35.591,16.534,0.9,1
115,1.9166666666666667,left,337.328,212.943,36.298,179.559,0.9,1
115,1.9166666666666667,right,427.705,213.337,33.656,-2.193,0.9,1
116,1.9333333333333333,left,546.78,220.491,28.414,170.455,0.95,0
116,1.9333333333333333,right,600.938,221.433,25.66,-6.521,0.95,0
116,1.9333333333333333,right,221.895,234.191,15.138,12.907,0.92,0
116,1.9333333333333333,right,206.934,202.782,33.491,14.111,0.9,1
116,1.9333333333333333,left,339.591,211.775,35.352,176.876,0.9,1
116,1.9333333333333333,right,429.478,212.988,37.172,-2.984,0.9,1
117,1.95,left,550.047,220.967,24.427,171.823,0.95,0
117,1.95,right,602.129,222.51,26.503,-10.137,0.95,0
117,1.95,right,206.935,202.709,35.343,15.332,0.9,1
117,1.95,left,339.85,213.357,36.097,177.973,0.9,1
117,1.95,right,430.98,212.317,34.76,-5.054,0.9,1
118,1.9666666666666666,left,552.132,220.094,26.045,168.021,0.95,0
118,1.9666666666666666,right,602.728,221.814,23.211,-12.954,0.95,0
118,1.9666666666666666,right,207.704,203.369,34.389,16.634,0.9,1
118,1.9666666666666666,left,342.426,213.183,35.519,178.903,0.9,1
118,1.9666666666666666,right,431.843,212.778,36.615,-3.932,0.9,1
119,1.9833333333333334,left,554.97,221.497,25.271,171.491,0.95,0
119,1.9833333333333334,right,605.015,221.271,24.871,-7.857,0.95,0
119,1.9833333333333334,right,207.704,202.264,33.497,14.156,0.9,1
119,1.9833333333333334,left,343.471,212.545,39.194,178.122,0.9,1
119,1.9833333333333334,right,432.54,212.328,36.694,-7.978,0.9,1
119,1.9833333333333334,distractor,238.763,119.935,11.926,87.999,0.35,1
120,2.0,left,558.079,220.131,25.083,169.767,0.95,0
120,2.0,right,606.055,221.575,24.81,-15.138,0.95,0
120,2.0,right,208.831,202.663,33.132,16.27,0.9,1
120,2.0,left,345.012,213.545,34.432,175.642,0.9,1
120,2.0,right,434.436,212.492,35.537,-3.046,0.9,1
121,2.0166666666666666,left,560.689,221.316,25.749,176.057,0.95,0
121,2.0166666666666666,right,606.891,221.914,26.96,-11.949,0.95,0
121,2.0166666666666666,right,209.168,202.661,36.385,14.991,0.9,1
121,2.0166666666666666,left,346.719,212.945,38.337,176.103,0.9,1
121,2.0166666666666666,right,435.709,212.362,34.944,-4.585,0.9,1
122,2.033333333333333,left,562.89,222.032,25.887,176.285,0.95,0
122,2.033333333333333,right,607.95,222.737,22.818,-10.176,0.95,0
122,2.033333333333333,right,208.485,202.673,37.162,17.634,0.9,1
122,2.033333333333333,left,347.514,213.125,35.609,177.258,0.9,1
122,2.033333333333333,right,435.937,212.775,33.698,-6.785,0.9,1
123,2.05,left,566.18,221.525,26.075,171.117,0.95,0
123,2.05,right,608.212,222.17,25.988,-13.082,0.95,0
123,2.05,right,209.389,201.986,34.924,16.728,0.9,1
123,2.05,left,349.342,212.17,38.138,176.588,0.9,1
123,2.05,right,438.037,213.384,33.181,-4.838,0.9,1
124,2.066666666666667,left,568.456,222.047,26.74,169.015,0.95,0
124,2.066666666666667,right,610.488,222.222,23.625,-11.642,0.95,0
124,2.066666666666667,right,209.958,202.958,34.714,18.288,0.9,1
124,2.066666666666667,left,350.933,213.247,38.844,174.343,0.9,1
124,2.066666666666667,right,439.533,213.15,35.269,-5.038,0.9,1
125,2.0833333333333335,left,571.105,221.031,25.61,167.565,0.95,0
125,2.0833333333333335,right,610.636,222.172,22.297,-13.633,0.95,0
125,2.0833333333333335,right,211.359,202.341,34.862,16.981,0.9,1
125,2.0833333333333335,left,351.869,212.984,37.878,176.519,0.9,1
125,2.0833333333333335,right,440.129,211.904,36.774,-4.19,0.9,1
126,2.1,left,573.261,222.001,23.388,167.959,0.95,0
126,2.1,right,610.523,221.83,22.806,-13.248,0.95,0
126,2.1,left,204.325,205.674,32.287,191.872,0.9,1
126,2.1,right,211.716,202.311,35.689,16.61,0.9,1
126,2.1,left,353.784,213.169,38.135,175.844,0.9,1
126,2.1,right,440.919,213.426,36.581,-5.084,0.9,1
126,2.1,distractor,498.616,263.135,14.073,109.884,0.35,1
127,2.1166666666666667,left,576.107,222.093,25.852,165.975,0.95,0
127,2.1166666666666667,right,612.145,222.19,26.266,-8.658,0.95,0
127,2.1166666666666667,left,204.091,205.099,31.936,197.309,0.9,1
127,2.1166666666666667,right,211.918,202.421,33.894,12.212,0.9,1
127,2.1166666666666667,left,355.546,211.678,36.261,175.941,0.9,1
127,2.1166666666666667,right,442.033,214.305,36.296,-4.17,0.9,1
128,2.1333333333333333,left,577.981,222.588,26.587,166.341,0.95,0
128,2.1333333333333333,right,612.492,221.554,22.963,-8.22,0.95,0
128,2.1333333333333333,left,203.131,205.356,32.751,197.313,0.9,1
128,2.1333333333333333,right,212.47,203.428,34.565,14.279,0.9,1
128,2.1333333333333333,left,356.403,212.199,38.094,176.154,0.9,1
128,2.1333333333333333,right,443.977,213.518,36.118,-7.092,0.9,1
129,2.15,left,580.363,221.762,27.495,166.738,0.95,0
129,2.15,right,612.995,222.708,22.774,-17.848,0.95,0
129,2.15,left,203.144,205.322,32.075,195.514,0.9,1
129,2.15,right,212.227,201.828,36.79,16.774,0.9,1
129,2.15,left,358.868,212.645,37.684,176.074,0.9,1
129,2.15,right,444.609,212.984,34.18,-8.667,0.9,1
130,2.1666666666666665,left,583.701,220.37,26.827,168.898,0.95,0
130,2.1666666666666665,right,613.83,222.876,24.272,-14.884,0.95,0
130,2.1666666666666665,left,203.654,205.975,31.846,191.435,0.9,1
130,2.1666666666666665,right,212.718,202.115,35.382,17.308,0.9,1
130,2.1666666666666665,left,359.378,213.587,37.209,175.489,0.9,1
130,2.1666666666666665,right,445.959,214.006,37.036,-5.204,0.9,1
131,2.183333333333333,left,585.264,221.467,27.257,168.004,0.95,0
131,2.183333333333333,right,612.313,222.989,28.064,-13.727,0.95,0
131,2.183333333333333,left,202.213,205.947,29.498,193.542,0.9,1
131,2.183333333333333,right,214.102,201.584,34.521,15.922,0.9,1
131,2.183333333333333,left,361.697,213.051,36.351,173.773,0.9,1
131,2.183333333333333,right,446.724,213.149,36.623,-5.657,0.9,1
132,2.2,left,587.104,221.574,25.686,163.656,0.95,0
132,2.2,right,613.449,221.726,24.094,-12.561,0.95,0
132,2.2,left,201.283,205.096,32.374,191.272,0.9,1
132,2.2,right,212.715,202.662,35.718,12.115,0.9,1
132,2.2,left,362.071,212.942,37.493,175.428,0.9,1
132,2.2,right,448.622,213.622,35.342,-9.733,0.9,1
133,2.216666666666667,left,588.685,221.874,25.773,162.57,0.95,0
133,2.216666666666667,right,614.277,222.407,23.879,-16.62,0.95,0
133,2.216666666666667,left,201.565,204.656,30.962,195.623,0.9,1
133,2.216666666666667,right,214.674,202.386,35.202,18.802,0.9,1
133,2.216666666666667,left,364.218,212.393,39.602,174.275,0.9,1
133,2.216666666666667,right,449.994,212.762,37.578,-4.682,0.9,1
133,2.216666666666667,distractor,295.44,364.761,9.385,102.991,0.35,1
134,2.2333333333333334,left,590.991,221.204,28.661,164.118,0.95,0
134,2.2333333333333334,right,613.581,222.659,24.498,-13.857,0.95,0
134,2.2333333333333334,left,202.565,205.332,33.449,190.459,0.9,1
134,2.2333333333333334,right,215.435,201.641,34.115,17.118,0.9,1
134,2.2333333333333334,left,365.154,212.979,37.341,175.936,0.9,1
134,2.2333333333333334,right,450.221,213.273,33.347,-7.325,0.9,1
135,2.25,left,592.879,221.766,25.804,160.912,0.95,0
135,2.25,right,613.437,222.977,22.92,-11.691,0.95,0
135,2.25,left,201.296,205.588,32.817,201.536,0.9,1
135,2.25,right,216.645,201.212,35.691,14.563,0.9,1
135,2.25,left,367.514,212.455,38.227,174.46,0.9,1
135,2.25,right,451.834,214.414,37.177,-8.958,0.9,1
136,2.2666666666666666,left,594.264,221.766,23.438,167.781,0.95,0
136,2.2666666666666666,right,612.463,223.155,24.098,-16.925,0.95,0
136,2.2666666666666666,left,201.517,204.706,32.472,195.947,0.9,1
136,2.2666666666666666,right,217.777,202.11,34.598,16.24,0.9,1
136,2.2666666666666666,left,369.212,212.58,36.287,171.68,0.9,1
136,2.2666666666666666,right,452.714,213.592,36.73,-7.058,0.9,1
137,2.283333333333333,left,595.958,222.059,25.228,164.946,0.95,0
137,2.283333333333333,right,612.274,222.808,21.57,-10.402,0.95,0
137,2.283333333333333,left,200.206,204.339,31.484,195.419,0.9,1
137,2.283333333333333,right,218.444,201.364,35.73,13.443,0.9,1
137,2.283333333333333,left,370.941,213.118,37.101,170.628,0.9,1
137,2.283333333333333,right,453.153,213.362,35.684,-9.541,0.9,1
138,2.3,left,597.653,220.925,26.145,165.713,0.95,0
138,2.3,right,613.156,222.977,24.064,-19.998,0.95,0
138,2.3,left,200.73,205.394,32.897,198.97,0.9,1
138,2.3,right,218.5,200.93,34.669,11.169,0.9,1
138,2.3,left,372.307,212.201,37.323,172.376,0.9,1
138,2.3,right,455.182,213.848,35.866,-6.468,0.9,1
139,2.316666666666667,left,599.31,221.176,24.904,167.929,0.95,0
139,2.316666666666667,right,612.205,222.445,23.376,-18.449,0.95,0
139,2.316666666666667,left,199.402,204.268,33.525,196.252,0.9,1
139,2.316666666666667,right,219.612,201.759,34.896,14.002,0.9,1
139,2.316666666666667,left,372.495,212.386,38.437,172.92,0.9,1
139,2.316666666666667,right,454.795,212.823,36.135,-4.66,0.9,1
140,2.3333333333333335,left,599.665,222.202,26.748,162.279,0.95,0
140,2.3333333333333335,left,200.713,204.492,34.226,196.679,0.9,1
140,2.3333333333333335,right,220.105,200.884,37.091,14.987,0.9,1
140,2.3333333333333335,left,376.242,212.428,37.746,173.139,0.9,1
140,2.3333333333333335,right,456.13,213.949,34.987,-8.569,0.9,1
140,2.3333333333333335,distractor,292.694,426.107,14.673,110.546,0.35,1
141,2.35,left,602.739,222.59,26.648,162.417,0.95,0
141,2.35,left,200.768,205.219,33.396,195.47,0.9,1
141,2.35,right,220.776,201.292,36.252,15.111,0.9,1
141,2.35,left,376.562,212.385,37.721,174.788,0.9,1
141,2.35,right,457.097,214.373,36.334,-9.059,0.9,1
142,2.3666666666666667,left,602.639,221.819,24.409,163.519,0.95,0
142,2.3666666666666667,left,200.641,203.486,33.493,192.628,0.9,1
142,2.3666666666666667,right,221.266,201.328,35.341,14.342,0.9,1
142,2.3666666666666667,left,378.828,212.141,37.506,173.184,0.9,1
142,2.3666666666666667,right,458.159,213.085,33.459,-12.126,0.9,1
143,2.3833333333333333,left,604.705,222.582,23.464,159.252,0.95,0
143,2.3833333333333333,left,199.922,204.782,30.886,189.326,0.9,1
143,2.3833333333333333,right,220.416,201.011,36.45,11.861,0.9,1
143,2.3833333333333333,left,379.987,212.081,37.122,178.952,0.9,1
143,2.3833333333333333,right,458.98,214.267,35.832,-9.124,0.9,1
144,2.4,left,604.912,223.155,23.721,162.491,0.95,0
144,2.4,left,200.321,204.326,33.263,194.286,0.9,1
144,2.4,right,222.504,201.049,37.508,12.325,0.9,1
144,2.4,left,381.771,212.511,36.643,176.484,0.9,1
144,2.4,right,460.611,212.959,33.704,-7.846,0.9,1
145,2.4166666666666665,left,606.435,222.704,24.469,161.279,0.95,0
145,2.4166666666666665,left,200.163,204.598,33.965,190.869,0.9,1
145,2.4166666666666665,right,222.713,201.036,35.86,15.892,0.9,1
145,2.4166666666666665,left,383.346,212.908,36.779,173.269,0.9,1
145,2.4166666666666665,right,461.499,214.323,34.556,-7.115,0.9,1
146,2.433333333333333,left,607.974,223.505,25.039,162.068,0.95,0
146,2.433333333333333,left,200.735,204.601,32.711,194.33,0.9,1
146,2.433333333333333,right,224.728,201.966,36.925,15.408,0.9,1
146,2.433333333333333,left,384.294,213.755,36.97,171.894,0.9,1
146,2.433333333333333,right,463.252,214.186,35.35,-8.916,0.9,1
147,2.45,left,607.49,223.677,23.318,164.294,0.95,0
147,2.45,left,200.098,204.72,34.945,195.574,0.9,1
147,2.45,right,224.387,200.942,36.086,12.89,0.9,1
147,2.45,left,386.368,214.046,38.534,171.002,0.9,1
147,2.45,right,463.246,214.106,38.311,-11.079,0.9,1
147,2.45,distractor,575.28,299.419,14.033,82.208,0.35,0
148,2.466666666666667,right,544.001,206.437,25.593,-2.719,0.95,0
148,2.466666666666667,left,609.848,223.214,22.9,161.869,0.95,0
148,2.466666666666667,left,200.072,204.722,34.736,196.851,0.9,1
148,2.466666666666667,right,226.294,200.968,35.639,15.738,0.9,1
148,2.466666666666667,left,386.26,213.4,34.728,172.066,0.9,1
148,2.466666666666667,right,464.246,214.038,35.295,-7.662,0.9,1
149,2.4833333333333334,right,548.177,208.422,26.048,2.049,0.95,0
149,2.4833333333333334,left,609.015,222.403,22.878,160.599,0.95,0
149,2.4833333333333334,left,200.61,204.379,33.519,192.42,0.9,1
149,2.4833333333333334,right,227.577,201.404,37.381,12.326,0.9,1
149,2.4833333333333334,left,388.526,212.838,37.957,170.19,0.9,1
149,2.4833333333333334,right,465.256,212.802,35.115,-11.357,0.9,1
150,2.5,right,552.413,208.594,27.417,-0.667,0.95,0
150,2.5,left,609.657,223.99,24.874,162.131,0.95,0
150,2.5,left,199.995,204.361,30.168,194.631,0.9,1
150,2.5,right,227.141,200.738,35.686,10.409,0.9,1
150,2.5,left,390.163,213.334,38.215,171.783,0.9,1
150,2.5,right,465.778,213.249,34.608,-5.612,0.9,1
151,2.5166666666666666,right,556.435,207.274,24.318,-1.013,0.95,0
151,2.5166666666666666,left,610.566,222.289,22.967,164.293,0.95,0
151,2.5166666666666666,left,199.261,203.809,34.939,194.501,0.9,1
151,2.5166666666666666,right,228.878,200.426,34.669,15.192,0.9,1
151,2.5166666666666666,left,391.84,212.559,34.987,169.97,0.9,1
151,2.5166666666666666,right,466.815,215.016,35.713,-7.468,0.9,1
152,2.533333333333333,right,559.388,208.082,25.782,-3.317,0.95,0
152,2.533333333333333,left,199.832,204.709,34.103,195.019,0.9,1
152,2.533333333333333,right,229.95,200.868,35.766,14.893,0.9,1
152,2.533333333333333,left,393.564,212.449,35.577,172.997,0.9,1
152,2.533333333333333,right,468.434,213.598,36.746,-12.122,0.9,1
153,2.55,right,564.169,206.231,24.13,-5.209,0.95,0
153,2.55,left,201.116,204.007,32.321,191.402,0.9,1
153,2.55,right,230.038,200.957,37.064,15.05,0.9,1
153,2.55,left,395.672,212.104,36.835,172.944,0.9,1
153,2.55,right,468.97,214.094,34.416,-9.296,0.9,1
154,2.566666666666667,right,568.579,207.672,23.939,1.015,0.95,0
154,2.566666666666667,left,200.904,204.173,31.515,196.956,0.9,1
154,2.566666666666667,right,230.752,200.591,36.425,12.655,0.9,1
154,2.566666666666667,left,397.539,212.994,37.443,169.855,0.9,1
154,2.566666666666667,right,470.004,214.288,35.786,-10.907,0.9,1
154,2.566666666666667,distractor,463.58,204.524,9.494,60.842,0.35,0
155,2.5833333333333335,right,571.489,207.479,26.605,-2.079,0.95,0
155,2.5833333333333335,left,200.571,204.866,32.358,195.966,0.9,1
155,2.5833333333333335,right,233.104,200.705,37.232,14.058,0.9,1
155,2.5833333333333335,left,398.033,211.471,36.963,171.023,0.9,1
155,2.5833333333333335,right,470.495,213.517,34.967,-10.544,0.9,1
156,2.6,right,575.727,207.89,24.985,-7.3,0.95,0
156,2.6,left,201.7,204.142,34.009,196.461,0.9,1
156,2.6,right,234.519,201.262,37.878,11.477,0.9,1
156,2.6,left,399.134,213.072,37.793,171.39,0.9,1
156,2.6,right,472.143,214.246,35.418,-10.802,0.9,1
157,2.6166666666666667,right,578.531,207.57,25.649,0.36,0.95,0
157,2.6166666666666667,left,201.571,203.785,33.299,197.352,0.9,1
157,2.6166666666666667,right,234.961,200.223,36.875,11.057,0.9,1
157,2.6166666666666667,left,400.806,211.946,37.244,170.589,0.9,1
157,2.6166666666666667,right,472.393,214.63,33.947,-12.0,0.9,1
158,2.6333333333333333,right,582.77,207.432,25.674,-7.094,0.95,0
158,2.6333333333333333,left,200.523,204.319,36.104,193.054,0.9,1
158,2.6333333333333333,right,236.485,199.397,36.63,13.512,0.9,1
158,2.6333333333333333,left,402.623,213.112,37.988,168.324,0.9,1
158,2.6333333333333333,right,473.009,214.855,36.362,-11.686,0.9,1
159,2.65,right,585.436,206.545,23.227,-8.077,0.95,0
159,2.65,left,201.04,204.242,33.28,192.83,0.9,1
159,2.65,right,237.972,200.446,37.508,12.438,0.9,1
159,2.65,left,403.6,213.626,39.738,172.031,0.9,1
159,2.65,right,473.792,214.166,34.085,-11.215,0.9,1
161,2.683333333333333,right,592.098,208.096,24.618,-7.584,0.95,0
161,2.683333333333333,left,201.386,202.816,34.552,193.461,0.9,1
161,2.683333333333333,right,239.543,200.097,33.261,12.922,0.9,1
161,2.683333333333333,left,408.043,212.741,37.339,168.457,0.9,1
161,2.683333333333333,right,474.868,215.961,34.726,-11.022,0.9,1
161,2.683333333333333,distractor,291.714,258.636,13.364,96.608,0.35,0
162,2.7,right,596.231,207.909,22.817,-7.874,0.95,0
162,2.7,left,201.826,203.647,33.315,191.701,0.9,1
162,2.7,right,240.26,199.63,36.634,11.392,0.9,1
162,2.7,left,407.512,212.971,36.995,171.0,0.9,1
162,2.7,right,475.6,214.058,34.966,-13.093,0.9,1
163,2.716666666666667,left,541.756,208.49,24.483,175.137,0.95,0
163,2.716666666666667,right,598.781,208.659,24.995,-4.319,0.95,0
163,2.716666666666667,left,202.82,203.158,34.614,196.156,0.9,1
163,2.716666666666667,right,241.519,200.063,39.225,13.963,0.9,1
163,2.716666666666667,left,410.527,212.212,36.392,170.748,0.9,1
163,2.716666666666667,right,477.104,214.456,36.19,-12.673,0.9,1
164,2.7333333333333334,left,545.992,208.155,25.132,169.704,0.95,0
164,2.7333333333333334,right,601.416,208.938,26.575,-6.664,0.95,0
164,2.7333333333333334,left,202.176,203.096,32.991,191.342,0.9,1
164,2.7333333333333334,right,242.899,200.232,35.577,13.419,0.9,1
164,2.7333333333333334,left,411.721,212.55,35.683,170.873,0.9,1
164,2.7333333333333334,right,476.91,214.198,36.215,-10.705,0.9,1
165,2.75,left,550.46,207.575,24.201,170.765,0.95,0
165,2.75,right,604.933,209.899,23.731,-11.078,0.95,0
165,2.75,left,202.494,202.391,32.834,193.543,0.9,1
165,2.75,right,245.8,199.741,35.649,9.255,0.9,1
165,2.75,left,413.128,213.068,37.299,170.614,0.9,1
165,2.75,right,478.105,214.262,32.205,-9.598,0.9,1
166,2.7666666666666666,left,553.005,207.332,24.216,175.033,0.95,0
166,2.7666666666666666,right,607.428,208.626,23.039,-12.17,0.95,0
166,2.7666666666666666,left,204.929,203.919,33.871,194.941,0.9,1
166,2.7666666666666666,right,245.128,200.108,37.322,12.534,0.9,1
166,2.7666666666666666,left,414.59,212.831,36.336,168.279,0.9,1
166,2.7666666666666666,right,479.399,214.406,35.78,-10.628,0.9,1
167,2.783333333333333,left,557.744,208.44,23.543,172.634,0.95,0
167,2.783333333333333,right,610.783,207.678,24.746,-14.177,0.95,0
167,2.783333333333333,left,204.077,202.927,34.911,195.454,0.9,1
167,2.783333333333333,right,246.536,199.707,38.669,11.216,0.9,1
167,2.783333333333333,left,415.887,212.917,35.303,169.692,0.9,1
167,2.783333333333333,right,480.186,215.552,35.09,-11.86,0.9,1
168,2.8,left,562.146,208.089,25.002,165.795,0.95,0
168,2.8,right,614.062,209.253,24.736,-9.627,0.95,0
168,2.8,left,203.838,202.681,33.704,192.583,0.9,1
168,2.8,right,247.697,199.778,36.939,13.95,0.9,1
168,2.8,left,418.339,212.549,37.909,170.14,0.9,1
168,2.8,right,479.935,214.908,35.512,-8.049,0.9,1
168,2.8,distractor,173.746,288.43,12.519,117.382,0.35,1
170,2.8333333333333335,left,570.766,207.932,25.298,170.366,0.95,0
170,2.8333333333333335,right,618.614,208.751,26.81,-8.512,0.95,0
170,2.8333333333333335,left,204.506,203.573,31.604,192.455,0.9,1
170,2.8333333333333335,right,250.56,199.35,37.28,13.453,0.9,1
170,2.8333333333333335,left,420.22,213.675,36.362,167.663,0.9,1
170,2.8333333333333335,right,481.915,215.108,34.702,-10.642,0.9,1
171,2.85,left,574.5,208.139,24.15,170.151,0.95,0
171,2.85,right,619.532,208.197,23.18,-12.759,0.95,0
171,2.85,left,204.325,203.33,35.493,193.401,0.9,1
171,2.85,right,252.35,200.326,36.293,11.259,0.9,1
171,2.85,left,421.366,212.252,38.356,168.831,0.9,1
171,2.85,right,481.517,214.879,34.363,-12.143,0.9,1
172,2.8666666666666667,left,577.197,208.574,26.234,171.134,0.95,0
172,2.8666666666666667,right,622.722,210.412,23.413,-15.176,0.95,0
172,2.8666666666666667,left,204.243,203.23,35.6,194.894,0.9,1
172,2.8666666666666667,right,252.409,199.069,36.616,16.03,0.9,1
172,2.8666666666666667,left,423.433,212.876,38.83,168.008,0.9,1
172,2.8666666666666667,right,483.109,213.876,33.244,-8.771,0.9,1
173,2.8833333333333333,left,581.655,208.549,23.335,167.681,0.95,0
173,2.8833333333333333,right,625.225,209.698,21.658,-11.894,0.95,0
173,2.8833333333333333,left,207.078,203.381,35.735,190.51,0.9,1
173,2.8833333333333333,right,254.149,199.547,34.412,15.228,0.9,1
173,2.8833333333333333,left,424.373,212.792,37.122,168.838,0.9,1
173,2.8833333333333333,right,482.819,213.67,34.767,-7.959,0.9,1
174,2.9,left,583.672,208.415,26.458,168.441,0.95,0
174,2.9,right,627.598,208.807,23.264,-12.311,0.95,0
174,2.9,left,206.457,201.937,35.67,193.607,0.9,1
174,2.9,right,255.461,199.593,37.042,12.724,0.9,1
174,2.9,left,425.471,212.566,35.135,170.592,0.9,1
174,2.9,right,484.57,215.361,35.059,-9.624,0.9,1
175,2.9166666666666665,left,587.607,208.553,23.561,169.566,0.95,0
175,2.9166666666666665,right,627.95,209.46,25.935,-11.534,0.95,0
175,2.9166666666666665,left,205.776,202.262,34.892,193.178,0.9,1
175,2.9166666666666665,right,257.503,199.451,37.314,10.361,0.9,1
175,2.9166666666666665,left,427.206,213.271,36.788,169.192,0.9,1
175,2.9166666666666665,right,484.345,215.845,34.472,-10.782,0.9,1
175,2.9166666666666665,distractor,119.761,165.377,10.831,106.172,0.35,1
176,2.933333333333333,left,591.536,208.591,24.606,167.014,0.95,0
176,2.933333333333333,left,207.352,202.84,35.701,191.946,0.9,1
176,2.933333333333333,right,259.006,198.597,36.463,9.972,0.9,1
176,2.933333333333333,left,428.801,213.23,37.426,169.408,0.9,1
176,2.933333333333333,right,484.556,215.401,34.372,-10.891,0.9,1
177,2.95,left,595.017,208.311,24.766,167.742,0.95,0
177,2.95,left,207.846,202.892,34.378,193.575,0.9,1
177,2.95,right,259.659,198.983,37.586,15.441,0.9,1
177,2.95,left,429.947,213.348,36.831,167.138,0.9,1
177,2.95,right,486.877,214.677,34.361,-8.444,0.9,1
178,2.966666666666667,left,598.349,208.653,25.041,168.918,0.95,0
178,2.966666666666667,left,208.264,202.211,34.447,191.336,0.9,1
178,2.966666666666667,right,261.49,198.419,36.956,11.626,0.9,1
178,2.966666666666667,left,431.466,213.53,37.511,167.042,0.9,1
178,2.966666666666667,right,486.23,214.345,33.168,-10.64,0.9,1
179,2.9833333333333334,left,600.477,209.407,25.503,166.771,0.95,0
179,2.9833333333333334,left,209.786,202.56,34.182,191.031,0.9,1
179,2.9833333333333334,right,263.981,200.542,37.762,12.195,0.9,1
179,2.9833333333333334,left,432.974,213.473,37.745,168.236,0.9,1
179,2.9833333333333334,right,485.93,214.905,33.838,-15.993,0.9,1
182,3.033333333333333,distractor,430.059,415.005,10.458,88.379,0.35,0
189,3.15,distractor,585.801,390.398,10.047,65.066,0.35,0
193,3.216666666666667,right,529.36,222.338,24.269,4.485,0.95,0
193,3.216666666666667,left,219.532,201.373,34.685,189.485,0.9,1
193,3.216666666666667,right,284.0,199.263,39.014,10.874,0.9,1
193,3.216666666666667,left,450.306,212.891,36.667,167.397,0.9,1
193,3.216666666666667,right,492.503,215.521,32.702,-14.505,0.9,1
194,3.2333333333333334,right,531.979,222.829,23.16,1.354,0.95,0
194,3.2333333333333334,left,221.265,200.598,35.513,193.647,0.9,1
194,3.2333333333333334,right,287.124,197.881,37.336,8.73,0.9,1
194,3.2333333333333334,left,450.754,213.673,36.935,170.546,0.9,1
194,3.2333333333333334,right,491.905,215.391,33.076,-11.703,0.9,1
195,3.25,right,535.338,222.688,24.102,1.099,0.95,0
195,3.25,left,220.264,201.65,33.866,190.865,0.9,1
195,3.25,right,287.916,198.626,37.368,10.204,0.9,1
195,3.25,left,452.537,213.473,35.698,169.647,0.9,1
195,3.25,right,492.868,214.888,33.046,-11.043,0.9,1
196,3.2666666666666666,right,538.046,222.985,20.43,0.886,0.95,0
196,3.2666666666666666,left,221.886,201.082,37.266,194.613,0.9,1
196,3.2666666666666666,right,290.136,199.479,35.115,12.621,0.9,1
196,3.2666666666666666,left,454.058,214.034,35.56,167.049,0.9,1
196,3.2666666666666666,right,493.567,216.28,34.766,-9.233,0.9,1
196,3.2666666666666666,distractor,572.332,353.375,14.15,78.36,0.35,1
197,3.283333333333333,right,540.242,223.561,21.811,3.637,0.95,0
197,3.283333333333333,left,222.688,200.31,36.732,190.088,0.9,1
197,3.283333333333333,right,290.793,198.463,35.582,8.315,0.9,1
197,3.283333333333333,left,453.895,214.82,36.141,166.159,0.9,1
197,3.283333333333333,right,492.925,216.542,35.014,-13.827,0.9,1
198,3.3,right,544.444,223.344,22.953,0.214,0.95,0
198,3.3,left,222.752,200.925,35.495,188.108,0.9,1
198,3.3,right,292.572,199.404,37.368,6.888,0.9,1
198,3.3,left,455.673,214.1,37.454,166.006,0.9,1
198,3.3,right,494.33,215.839,34.053,-15.948,0.9,1
199,3.316666666666667,right,546.639,223.148,23.059,4.079,0.95,0
199,3.316666666666667,left,225.17,202.023,35.346,190.007,0.9,1
199,3.316666666666667,right,293.695,198.87,38.378,10.064,0.9,1
199,3.316666666666667,left,457.25,213.327,36.064,166.832,0.9,1
199,3.316666666666667,right,492.854,215.222,33.183,-13.886,0.9,1
200,3.3333333333333335,right,548.996,222.92,22.178,1.045,0.95,0
200,3.3333333333333335,left,225.486,201.424,36.689,190.269,0.9,1
200,3.3333333333333335,right,296.081,198.883,37.634,9.753,0.9,1
200,3.3333333333333335,left,457.114,213.42,38.419,165.549,0.9,1
200,3.3333333333333335,right,494.166,215.428,34.559,-11.488,0.9,1
201,3.35,right,553.101,223.127,21.794,2.094,0.95,0
201,3.35,left,225.701,199.961,34.255,186.649,0.9,1
201,3.35,right,298.32,197.925,38.074,7.69,0.9,1
201,3.35,left,459.143,214.694,37.392,163.357,0.9,1
201,3.35,right,493.817,215.768,32.756,-14.455,0.9,1
202,3.3666666666666667,right,555.984,223.251,21.831,11.014,0.95,0
202,3.3666666666666667,left,228.14,200.166,36.361,189.617,0.9,1
202,3.3666666666666667,right,299.641,199.203,39.184,10.13,0.9,1
202,3.3666666666666667,left,460.169,213.181,35.951,168.115,0.9,1
202,3.3666666666666667,right,493.238,215.786,36.424,-12.835,0.9,1
203,3.3833333333333333,right,559.15,223.034,21.636,-2.996,0.95,0
203,3.3833333333333333,left,228.329,201.108,35.476,189.143,0.9,1
203,3.3833333333333333,right,300.736,199.165,37.882,9.323,0.9,1
203,3.3833333333333333,left,461.421,212.924,34.313,168.06,0.9,1
203,3.3833333333333333,right,494.67,215.486,34.067,-11.992,0.9,1
203,3.3833333333333333,distractor,256.436,99.415,13.069,82.56,0.35,0
205,3.4166666666666665,right,564.697,222.821,20.834,4.052,0.95,0
205,3.4166666666666665,left,231.638,200.52,35.993,187.528,0.9,1
205,3.4166666666666665,right,305.349,198.434,36.621,10.596,0.9,1
205,3.4166666666666665,left,464.204,213.605,36.99,165.189,0.9,1
205,3.4166666666666665,right,495.485,216.903,33.422,-17.29,0.9,1
206,3.433333333333333,right,567.439,222.543,22.302,-5.735,0.95,0
206,3.433333333333333,left,231.49,201.083,34.554,190.481,0.9,1
206,3.433333333333333,right,307.757,198.525,38.625,10.767,0.9,1
206,3.433333333333333,left,464.562,214.0,36.459,169.24,0.9,1
206,3.433333333333333,right,495.371,215.592,32.652,-16.201,0.9,1
207,3.45,right,569.038,224.382,21.931,-3.46,0.95,0
207,3.45,left,233.531,201.075,37.624,186.591,0.9,1
207,3.45,right,309.001,198.354,35.153,5.182,0.9,1
207,3.45,left,464.934,215.099,35.86,164.43,0.9,1
207,3.45,right,495.59,215.773,34.007,-12.386,0.9,1
208,3.466666666666667,left,515.934,224.306,21.977,179.537,0.95,0
208,3.466666666666667,right,572.243,223.038,21.347,-9.964,0.95,0
208,3.466666666666667,left,235.016,200.056,35.602,190.318,0.9,1
208,3.466666666666667,right,310.014,197.871,37.02,8.603,0.9,1
208,3.466666666666667,left,466.288,212.611,34.326,167.251,0.9,1
208,3.466666666666667,right,495.868,215.684,32.561,-11.68,0.9,1
209,3.4833333333333334,left,519.495,223.894,21.662,174.094,0.95,0
209,3.4833333333333334,right,573.628,223.209,21.635,-8.373,0.95,0
209,3.4833333333333334,left,236.824,200.779,35.641,187.094,0.9,1
209,3.4833333333333334,right,313.127,197.993,37.378,9.564,0.9,1
209,3.4833333333333334,left,467.955,214.163,35.691,167.095,0.9,1
209,3.4833333333333334,right,495.952,215.767,33.506,-17.773,0.9,1
210,3.5,left,522.343,223.465,23.521,179.528,0.95,0
210,3.5,right,578.102,223.582,22.121,-7.1,0.95,0
210,3.5,left,236.952,200.79,37.536,188.028,0.9,1
210,3.5,right,314.423,197.89,36.347,8.264,0.9,1
210,3.5,left,468.205,213.963,35.13,166.004,0.9,1
210,3.5,right,495.364,215.915,34.284,-15.899,0.9,1
210,3.5,distractor,255.822,69.373,13.338,98.776,0.35,0
211,3.5166666666666666,left,524.578,223.778,23.231,176.278,0.95,0
211,3.5166666666666666,right,579.74,222.614,23.896,1.754,0.95,0
211,3.5166666666666666,left,239.157,199.931,37.471,190.96,0.9,1
211,3.5166666666666666,right,317.191,198.3,37.502,7.356,0.9,1
211,3.5166666666666666,left,469.696,213.816,38.464,167.398,0.9,1
211,3.5166666666666666,right,495.55,216.121,34.527,-17.654,0.9,1
213,3.55,left,530.876,223.671,21.535,172.333,0.95,0
213,3.55,right,585.313,223.346,21.769,-4.086,0.95,0
213,3.55,left,241.389,200.487,34.577,190.092,0.9,1
213,3.55,right,320.147,197.475,38.827,7.71,0.9,1
213,3.55,left,471.945,212.934,34.493,167.325,0.9,1
213,3.55,right,494.994,216.429,31.904,-14.163,0.9,1
214,3.566666666666667,left,533.849,223.304,21.328,174.549,0.95,0
214,3.566666666666667,right,587.719,223.672,21.331,-9.671,0.95,0
214,3.566666666666667,left,241.896,200.938,36.802,190.689,0.9,1
214,3.566666666666667,right,321.146,197.443,38.184,5.307,0.9,1
214,3.566666666666667,left,471.954,214.433,35.179,166.78,0.9,1
214,3.566666666666667,right,495.588,215.904,33.677,-14.698,0.9,1
215,3.5833333333333335,left,536.663,223.655,22.337,175.496,0.95,0
215,3.5833333333333335,right,588.919,223.28,24.744,-7.192,0.95,0
215,3.5833333333333335,left,243.224,199.463,35.79,189.152,0.9,1
215,3.5833333333333335,right,323.712,197.988,37.95,6.6,0.9,1
215,3.5833333333333335,left,472.407,214.206,34.744,168.165,0.9,1
215,3.5833333333333335,right,494.896,217.241,31.459,-13.24,0.9,1
216,3.6,left,540.071,222.703,21.238,174.24,0.95,0
216,3.6,right,591.366,223.81,23.072,-8.751,0.95,0
216,3.6,left,244.28,200.139,36.36,188.162,0.9,1
216,3.6,right,326.239,198.509,38.582,7.794,0.9,1
216,3.6,left,473.659,213.529,35.689,165.246,0.9,1
216,3.6,right,495.475,215.862,35.512,-17.2,0.9,1
217,3.6166666666666667,left,543.227,223.468,22.553,170.383,0.95,0
217,3.6166666666666667,right,592.93,224.129,22.947,-13.085,0.95,0
217,3.6166666666666667,left,246.544,199.613,37.182,187.001,0.9,1
217,3.6166666666666667,right,327.256,198.281,38.011,8.081,0.9,1
217,3.6166666666666667,left,474.877,213.866,37.473,166.288,0.9,1
217,3.6166666666666667,right,494.849,217.08,32.931,-15.349,0.9,1
217,3.6166666666666667,distractor,44.838,230.41,11.828,87.008,0.35,0
218,3.6333333333333333,left,545.208,223.811,22.302,167.85,0.95,0
218,3.6333333333333333,right,596.007,223.736,21.426,-11.545,0.95,0
218,3.6333333333333333,left,246.346,200.667,37.651,189.581,0.9,1
218,3.6333333333333333,right,329.97,198.302,37.352,4.034,0.9,1
218,3.6333333333333333,left,475.439,213.273,35.754,166.827,0.9,1
218,3.6333333333333333,right,495.799,216.078,32.784,-12.185,0.9,1
219,3.65,left,549.079,223.251,22.753,170.148,0.95,0
219,3.65,right,597.69,224.049,21.676,-9.53,0.95,0
219,3.65,left,249.072,199.836,34.474,186.654,0.9,1
219,3.65,right,331.579,198.546,37.108,6.312,0.9,1
219,3.65,left,477.534,215.903,35.399,166.07,0.9,1
219,3.65,right,495.222,216.715,33.292,-9.589,0.9,1
220,3.6666666666666665,left,552.317,223.007,22.33,176.12,0.95,0
220,3.6666666666666665,right,599.176,224.786,22.814,-6.093,0.95,0
220,3.6666666666666665,left,250.183,199.974,36.873,186.802,0.9,1
220,3.6666666666666665,right,332.864,197.24,37.907,5.35,0.9,1
220,3.6666666666666665,left,476.83,214.504,34.641,164.226,0.9,1
220,3.6666666666666665,right,494.197,217.029,33.174,-13.43,0.9,1
221,3.683333333333333,left,554.66,223.276,22.865,169.119,0.95,0
221,3.683333333333333,right,601.729,224.045,22.13,-9.78,0.95,0
221,3.683333333333333,left,251.411,199.372,36.268,185.545,0.9,1
221,3.683333333333333,right,335.52,198.185,37.673,7.913,0.9,1
221,3.683333333333333,left,478.105,214.518,35.669,167.183,0.9,1
221,3.683333333333333,right,494.786,216.207,30.74,-16.647,0.9,1
222,3.7,left,558.04,224.365,23.349,173.387,0.95,0
222,3.7,right,602.728,224.583,19.924,-15.272,0.95,0
222,3.7,left,253.159,200.036,34.698,184.011,0.9,1
222,3.7,right,337.466,197.04,37.639,5.523,0.9,1
222,3.7,left,478.054,214.279,36.003,167.93,0.9,1
222,3.7,right,496.077,216.596,31.975,-15.431,0.9,1
223,3.716666666666667,left,560.629,223.932,21.544,172.698,0.95,0
223,3.716666666666667,right,604.222,224.484,22.975,-7.299,0.95,0
223,3.716666666666667,left,255.194,199.615,34.036,187.483,0.9,1
223,3.716666666666667,right,338.616,197.669,36.739,6.234,0.9,1
223,3.716666666666667,left,479.245,214.167,34.762,164.823,0.9,1
223,3.716666666666667,right,495.351,216.677,35.454,-13.366,0.9,1
224,3.7333333333333334,left,563.588,223.421,24.394,172.873,0.95,0
224,3.7333333333333334,right,606.14,223.648,22.214,-12.925,0.95,0
224,3.7333333333333334,left,255.716,199.043,34.304,184.252,0.9,1
224,3.7333333333333334,right,340.985,196.337,38.024,5.007,0.9,1
224,3.7333333333333334,left,480.715,214.085,35.297,163.624,0.9,1
224,3.7333333333333334,right,494.993,215.835,32.078,-14.627,0.9,1
224,3.7333333333333334,distractor,318.59,226.633,11.186,70.244,0.35,0
225,3.75,left,565.734,224.264,21.675,165.349,0.95,0
225,3.75,right,607.026,224.88,21.479,-11.97,0.95,0
225,3.75,left,257.089,199.968,32.001,187.697,0.9,1
225,3.75,right,343.265,198.219,37.602,4.296,0.9,1
225,3.75,left,479.831,214.839,35.07,165.225,0.9,1
225,3.75,right,494.325,216.405,33.705,-15.093,0.9,1
226,3.7666666666666666,left,568.753,223.445,20.506,172.842,0.95,0
226,3.7666666666666666,right,608.19,225.176,22.574,-14.578,0.95,0
226,3.7666666666666666,left,258.39,199.64,34.678,184.368,0.9,1
226,3.7666666666666666,right,345.24,197.954,40.538,5.429,0.9,1
226,3.7666666666666666,left,481.568,214.145,36.998,163.646,0.9,1
226,3.7666666666666666,right,494.235,216.848,32.778,-15.756,0.9,1
227,3.783333333333333,left,571.058,224.97,20.243,171.576,0.95,0
227,3.783333333333333,right,610.351,224.077,21.316,-10.501,0.95,0
227,3.783333333333333,left,259.248,199.782,37.248,190.627,0.9,1
227,3.783333333333333,right,346.646,198.261,39.044,3.885,0.9,1
227,3.783333333333333,left,483.092,214.858,35.836,164.213,0.9,1
227,3.783333333333333,right,494.605,216.757,33.421,-17.408,0.9,1
228,3.8,left,573.576,223.582,22.004,168.777,0.95,0
228,3.8,right,612.364,225.14,20.155,-12.973,0.95,0
228,3.8,left,261.682,199.391,35.962,182.629,0.9,1
228,3.8,right,349.173,198.167,36.728,5.047,0.9,1
228,3.8,left,483.047,214.372,34.272,162.593,0.9,1
228,3.8,right,494.378,217.398,32.209,-16.849,0.9,1
229,3.816666666666667,left,576.13,223.562,21.818,167.126,0.95,0
229,3.816666666666667,right,611.673,224.202,20.637,-12.363,0.95,0
229,3.816666666666667,left,262.93,199.666,37.038,187.235,0.9,1
229,3.816666666666667,right,351.224,198.464,36.759,5.787,0.9,1
229,3.816666666666667,left,484.357,215.228,33.935,164.511,0.9,1
230,3.8333333333333335,left,578.038,223.355,20.661,169.781,0.95,0
230,3.8333333333333335,right,611.489,224.377,21.568,-14.722,0.95,0
230,3.8333333333333335,left,264.999,199.303,36.63,185.146,0.9,1
230,3.8333333333333335,right,352.675,197.616,36.294,1.32,0.9,1
230,3.8333333333333335,left,484.86,214.867,33.184,164.123,0.9,1
231,3.85,left,581.887,222.625,23.024,167.638,0.95,0
231,3.85,right,614.223,225.091,23.202,-17.003,0.95,0
231,3.85,left,265.918,200.59,36.43,185.189,0.9,1
231,3.85,right,354.604,198.365,37.865,4.366,0.9,1
231,3.85,left,485.561,215.078,36.497,160.805,0.9,1
231,3.85,distractor,281.492,174.568,10.982,100.71,0.35,0
232,3.8666666666666667,left,583.249,224.516,23.346,166.695,0.95,0
232,3.8666666666666667,right,614.998,224.366,20.737,-14.54,0.95,0
232,3.8666666666666667,left,268.02,199.068,34.533,181.077,0.9,1
232,3.8666666666666667,right,355.894,197.939,37.108,5.321,0.9,1
232,3.8666666666666667,left,486.142,214.378,35.541,163.851,0.9,1
233,3.8833333333333333,left,586.02,223.082,23.828,173.279,0.95,0
233,3.8833333333333333,right,615.815,224.445,23.0,-17.581,0.95,0
233,3.8833333333333333,left,268.767,199.61,36.99,184.432,0.9,1
233,3.8833333333333333,right,359.263,198.655,36.979,3.429,0.9,1
233,3.8833333333333333,left,486.623,215.203,34.607,161.473,0.9,1
234,3.9,left,587.623,223.987,22.249,174.792,0.95,0
234,3.9,right,614.63,224.088,19.517,-12.062,0.95,0
234,3.9,right,489.266,211.345,22.552,11.919,0.95,0
234,3.9,left,270.94,199.14,35.491,184.46,0.9,1
234,3.9,right,360.735,198.68,38.967,5.086,0.9,1
234,3.9,left,486.57,215.524,34.834,164.866,0.9,1
235,3.9166666666666665,left,589.351,225.393,23.594,160.534,0.95,0
235,3.9166666666666665,right,616.539,224.974,20.995,-16.408,0.95,0
235,3.9166666666666665,right,493.004,210.4,22.135,11.377,0.95,0
235,3.9166666666666665,left,272.919,198.06,37.459,185.492,0.9,1
235,3.9166666666666665,right,361.836,198.235,35.907,4.468,0.9,1
235,3.9166666666666665,left,487.085,215.032,34.808,162.919,0.9,1
236,3.933333333333333,left,592.35,223.59,21.43,164.364,0.95,0
236,3.933333333333333,right,616.688,224.491,22.625,-10.857,0.95,0
236,3.933333333333333,right,495.686,211.418,22.81,7.401,0.95,0
236,3.933333333333333,left,274.525,198.54,37.395,184.633,0.9,1
236,3.933333333333333,right,366.03,198.284,36.6,5.075,0.9,1
236,3.933333333333333,left,488.295,214.548,33.948,166.698,0.9,1
237,3.95,left,593.502,223.962,22.26,167.813,0.95,0
237,3.95,right,616.794,225.485,23.063,-14.41,0.95,0
237,3.95,right,500.506,211.731,20.864,9.042,0.95,0
237,3.95,left,275.25,197.7,34.495,186.506,0.9,1
237,3.95,right,366.085,198.035,38.58,4.108,0.9,1
237,3.95,left,489.637,214.851,33.881,167.014,0.9,1
238,3.966666666666667,left,597.038,224.793,20.877,166.975,0.95,0
238,3.966666666666667,right,616.622,224.596,21.35,-11.771,0.95,0
238,3.966666666666667,right,504.129,211.79,22.503,10.614,0.95,0
238,3.966666666666667,left,277.328,198.354,34.7,185.96,0.9,1
238,3.966666666666667,right,368.165,198.126,35.51,2.789,0.9,1
238,3.966666666666667,left,489.286,214.809,34.568,166.536,0.9,1
238,3.966666666666667,distractor,347.465,53.661,11.472,70.402,0.35,0
239,3.9833333333333334,left,597.846,223.45,20.396,165.218,0.95,0
239,3.9833333333333334,right,617.24,225.832,21.313,-17.071,0.95,0
239,3.9833333333333334,right,507.724,211.523,20.769,3.002,0.95,0
239,3.9833333333333334,left,278.183,198.231,37.405,182.914,0.9,1
239,3.9833333333333334,right,369.683,197.949,35.072,0.984,0.9,1
239,3.9833333333333334,left,490.359,214.177,35.506,165.507,0.9,1
241,4.016666666666667,left,601.304,224.383,20.535,162.223,0.95,0
241,4.016666666666667,right,617.393,225.236,20.237,-15.328,0.95,0
241,4.016666666666667,right,515.346,211.738,23.237,14.031,0.95,0
241,4.016666666666667,left,282.409,198.823,34.534,184.905,0.9,1
241,4.016666666666667,right,373.776,198.11,39.012,1.526,0.9,1
241,4.016666666666667,left,491.358,215.621,36.971,164.397,0.9,1
242,4.033333333333333,left,603.665,224.817,23.742,167.482,0.95,0
242,4.033333333333333,right,617.298,226.458,20.811,-15.262,0.95,0
242,4.033333333333333,right,519.027,212.291,23.897,3.636,0.95,0
242,4.033333333333333,left,283.478,199.453,35.757,182.883,0.9,1
242,4.033333333333333,right,376.693,198.182,35.703,2.298,0.9,1
242,4.033333333333333,left,491.409,214.75,34.838,167.108,0.9,1
243,4.05,left,605.31,223.257,20.377,162.922,0.95,0
243,4.05,right,617.387,224.833,20.098,-13.128,0.95,0
243,4.05,right,522.92,211.979,23.174,10.955,0.95,0
243,4.05,left,285.754,199.794,36.622,183.442,0.9,1
243,4.05,right,378.317,198.0,38.448,2.742,0.9,1
243,4.05,left,492.505,214.701,35.815,162.219,0.9,1
244,4.066666666666666,left,606.209,224.418,22.361,167.973,0.95,0
244,4.066666666666666,right,527.512,210.789,21.828,-1.164,0.95,0
244,4.066666666666666,left,287.504,198.841,34.791,184.024,0.9,1
244,4.066666666666666,right,380.217,198.691,37.423,3.895,0.9,1
244,4.066666666666666,left,493.416,215.007,32.765,164.134,0.9,1
245,4.083333333333333,left,607.845,224.558,22.068,163.483,0.95,0
245,4.083333333333333,right,531.071,210.397,21.983,2.854,0.95,0
245,4.083333333333333,left,289.87,199.289,35.595,182.907,0.9,1
245,4.083333333333333,right,381.773,197.587,38.049,0.215,0.9,1
245,4.083333333333333,left,492.636,215.45,34.874,165.936,0.9,1
245,4.083333333333333,distractor,292.056,341.884,6.885,102.657,0.35,0
246,4.1,left,608.84,224.051,21.702,170.924,0.95,0
246,4.1,right,535.048,212.249,19.239,0.377,0.95,0
246,4.1,left,292.248,199.674,36.828,184.011,0.9,1
246,4.1,right,383.675,198.083,39.565,2.18,0.9,1
246,4.1,left,493.838,214.457,35.477,161.266,0.9,1
247,4.116666666666666,left,609.576,224.244,21.718,164.243,0.95,0
247,4.116666666666666,right,538.686,211.925,22.743,6.995,0.95,0
247,4.116666666666666,left,292.41,198.262,37.691,182.998,0.9,1
247,4.116666666666666,right,386.324,196.986,38.531,4.674,0.9,1
247,4.116666666666666,left,493.844,215.149,34.402,163.432,0.9,1
248,4.133333333333334,left,610.766,224.97,21.69,162.354,0.95,0
248,4.133333333333334,left,487.491,211.413,19.966,181.257,0.95,0
248,4.133333333333334,right,541.976,211.29,20.798,1.851,0.95,0
248,4.133333333333334,left,294.595,198.47,37.659,183.733,0.9,1
248,4.133333333333334,right,387.91,198.036,38.48,1.877,0.9,1
248,4.133333333333334,left,494.527,215.487,33.886,163.225,0.9,1
249,4.15,left,613.41,225.486,21.924,165.825,0.95,0
249,4.15,left,490.176,212.524,19.931,182.224,0.95,0
249,4.15,right,545.055,211.131,20.186,-0.983,0.95,0
249,4.15,left,297.155,199.302,36.923,181.432,0.9,1
249,4.15,right,389.746,198.195,37.897,-1.316,0.9,1
249,4.15,left,494.652,216.093,34.021,164.152,0.9,1
250,4.166666666666667,left,613.944,224.355,19.775,161.98,0.95,0
250,4.166666666666667,left,493.268,212.171,22.61,179.159,0.95,0
250,4.166666666666667,right,549.322,211.446,23.885,-0.171,0.95,0
250,4.166666666666667,left,298.261,197.352,36.314,181.424,0.9,1
250,4.166666666666667,right,392.096,197.797,36.196,3.524,0.9,1
250,4.166666666666667,left,496.084,215.625,34.562,161.369,0.9,1
251,4.183333333333334,left,613.446,224.818,23.412,165.35,0.95,0
251,4.183333333333334,left,496.41,212.275,22.864,180.006,0.95,0
251,4.183333333333334,right,553.053,212.063,22.639,4.469,0.95,0
251,4.183333333333334,left,301.514,198.313,37.58,182.798,0.9,1
251,4.183333333333334,right,394.432,197.528,38.403,0.255,0.9,1
251,4.183333333333334,left,495.878,215.7,36.811,163.743,0.9,1
252,4.2,left,613.849,224.509,22.207,162.351,0.95,0
252,4.2,left,501.419,212.365,22.619,178.129,0.95,0
252,4.2,right,556.658,211.72,23.708,-2.452,0.95,0
252,4.2,left,302.045,198.993,37.791,182.356,0.9,1
252,4.2,right,395.923,198.687,37.743,-0.951,0.9,1
252,4.2,left,496.738,216.111,35.392,164.543,0.9,1
252,4.2,distractor,104.901,251.975,12.854,91.011,0.35,0
253,4.216666666666667,left,614.655,224.844,19.419,164.663,0.95,0
253,4.216666666666667,left,505.193,212.115,22.539,175.649,0.95,0
253,4.216666666666667,right,560.698,211.868,21.906,-1.917,0.95,0
253,4.216666666666667,left,304.854,197.884,37.064,180.548,0.9,1
253,4.216666666666667,right,397.969,198.684,36.64,-2.23,0.9,1
253,4.216666666666667,left,495.022,216.446,34.843,165.746,0.9,1
254,4.233333333333333,left,616.265,224.229,19.3,165.952,0.95,0
254,4.233333333333333,left,508.043,211.936,20.236,180.545,0.95,0
254,4.233333333333333,right,563.797,210.785,21.201,-2.125,0.95,0
254,4.233333333333333,left,305.366,198.324,37.263,180.007,0.9,1
254,4.233333333333333,right,400.571,199.353,34.788,1.852,0.9,1
254,4.233333333333333,left,497.203,215.925,33.406,162.859,0.9,1
255,4.25,left,616.144,225.588,20.62,163.559,0.95,0
255,4.25,left,512.134,211.325,22.104,177.186,0.95,0
255,4.25,right,568.159,211.63,19.372,-1.799,0.95,0
255,4.25,left,307.3,198.464,37.591,183.138,0.9,1
255,4.25,right,401.036,198.186,38.039,1.511,0.9,1
255,4.25,left,496.12,215.518,33.966,163.612,0.9,1
256,4.266666666666667,left,617.749,225.377,19.579,167.044,0.95,0
256,4.266666666666667,left,515.313,212.443,20.58,177.58,0.95,0
256,4.266666666666667,right,571.198,212.103,21.203,-2.924,0.95,0
256,4.266666666666667,left,310.33,198.492,35.668,178.407,0.9,1
256,4.266666666666667,right,403.934,198.551,37.328,0.755,0.9,1
256,4.266666666666667,left,498.098,215.689,34.226,165.376,0.9,1
257,4.283333333333333,left,518.771,212.655,22.858,178.885,0.95,0
257,4.283333333333333,right,574.479,211.606,21.355,-6.119,0.95,0
257,4.283333333333333,right,220.563,216.8,33.947,15.832,0.9,1
257,4.283333333333333,left,311.452,198.832,37.71,180.198,0.9,1
257,4.283333333333333,right,405.889,197.296,38.721,-1.887,0.9,1
257,4.283333333333333,left,497.886,215.499,34.525,162.658,0.9,1
258,4.3,left,522.628,211.477,21.241,177.996,0.95,0
258,4.3,right,579.119,212.515,21.83,-3.523,0.95,0
258,4.3,right,220.799,217.918,32.62,13.314,0.9,1
258,4.3,left,313.848,197.652,36.655,185.257,0.9,1
258,4.3,right,408.185,198.398,38.111,-1.582,0.9,1
259,4.316666666666666,left,525.475,211.095,21.409,172.39,0.95,0
259,4.316666666666666,right,581.325,212.026,21.218,-4.545,0.95,0
259,4.316666666666666,right,220.857,216.106,33.983,19.894,0.9,1
259,4.316666666666666,left,314.559,198.387,40.062,180.336,0.9,1
259,4.316666666666666,right,408.706,197.907,38.104,-0.11,0.9,1
259,4.316666666666666,distractor,123.027,377.75,8.9,85.521,0.35,1
260,4.333333333333333,left,529.785,211.532,20.869,177.497,0.95,0
260,4.333333333333333,right,583.836,211.751,22.353,-3.763,0.95,0
260,4.333333333333333,right,222.355,215.668,32.254,15.27,0.9,1
260,4.333333333333333,left,317.424,198.372,37.269,181.703,0.9,1
260,4.333333333333333,right,410.525,198.58,37.893,1.283,0.9,1
261,4.35,left,533.269,211.341,22.319,172.666,0.95,0
261,4.35,right,587.316,211.536,21.404,-3.177,0.95,0
261,4.35,right,220.918,215.46,34.882,14.817,0.9,1
261,4.35,left,319.779,198.817,35.599,181.106,0.9,1
261,4.35,right,412.416,197.443,38.453,-1.848,0.9,1
262,4.366666666666666,left,536.682,212.154,21.676,179.014,0.95,0
262,4.366666666666666,right,592.598,212.062,21.153,-2.915,0.95,0
262,4.366666666666666,right,225.987,234.031,16.752,15.588,0.92,0
262,4.366666666666666,right,221.823,216.441,34.738,13.774,0.9,1
262,4.366666666666666,left,321.209,198.417,35.647,180.424,0.9,1
262,4.366666666666666,right,414.207,199.069,37.773,-1.796,0.9,1
264,4.4,left,543.861,213.112,23.498,171.428,0.95,0
264,4.4,right,596.376,212.037,21.36,-4.174,0.95,0
264,4.4,right,227.777,234.254,15.676,19.04,0.92,0
264,4.4,right,222.881,214.398,33.537,11.304,0.9,1
264,4.4,left,325.918,198.367,35.96,181.63,0.9,1
264,4.4,right,419.292,199.258,38.399,0.097,0.9,1
266,4.433333333333334,left,551.299,212.365,19.906,173.806,0.95,0
266,4.433333333333334,right,602.157,211.505,21.867,-2.675,0.95,0
266,4.433333333333334,right,227.858,234.118,16.453,14.443,0.92,0
266,4.433333333333334,right,224.13,215.682,33.888,12.442,0.9,1
266,4.433333333333334,left,329.355,198.685,38.085,177.616,0.9,1
266,4.433333333333334,right,422.747,198.002,38.422,-1.313,0.9,1
266,4.433333333333334,distractor,533.467,193.274,6.872,70.482,0.35,1
267,4.45,left,555.695,210.922,22.11,177.35,0.95,0
267,4.45,right,605.664,212.048,19.507,-7.828,0.95,0
267,4.45,right,228.451,234.858,16.671,6.503,0.92,0
267,4.45,right,224.235,216.183,35.983,14.213,0.9,1
267,4.45,left,330.413,199.275,35.588,176.362,0.9,1
267,4.45,right,424.396,199.256,37.852,-4.307,0.9,1
268,4.466666666666667,left,559.189,212.941,23.125,167.343,0.95,0
268,4.466666666666667,right,609.468,212.422,21.641,-4.892,0.95,0
268,4.466666666666667,right,229.352,234.091,16.872,18.95,0.92,0
268,4.466666666666667,right,225.291,215.942,33.528,15.589,0.9,1
268,4.466666666666667,left,332.917,198.546,37.892,178.368,0.9,1
268,4.466666666666667,right,427.739,198.684,36.97,-2.947,0.9,1
269,4.483333333333333,left,561.806,212.285,20.811,176.335,0.95,0
269,4.483333333333333,right,610.224,213.644,19.77,-1.139,0.95,0
269,4.483333333333333,right,229.943,234.84,18.302,12.813,0.92,0
269,4.483333333333333,right,224.344,215.623,33.384,13.833,0.9,1
269,4.483333333333333,left,334.269,198.288,36.432,177.697,0.9,1
269,4.483333333333333,right,427.538,198.984,34.743,-5.176,0.9,1
270,4.5,left,564.475,211.645,24.176,168.284,0.95,0
270,4.5,right,614.07,212.542,21.787,-3.933,0.95,0
270,4.5,right,230.577,233.906,16.76,21.53,0.92,0
270,4.5,right,226.569,214.926,33.438,13.166,0.9,1
270,4.5,left,336.889,197.594,35.154,176.19,0.9,1
270,4.5,right,430.003,199.296,36.859,-1.425,0.9,1
271,4.516666666666667,left,569.076,212.354,22.637,173.234,0.95,0
271,4.516666666666667,right,615.843,212.081,22.761,-12.774,0.95,0
271,4.516666666666667,right,231.827,234.775,16.018,12.545,0.92,0
271,4.516666666666667,right,226.633,215.239,34.11,13.971,0.9,1
271,4.516666666666667,left,338.364,198.258,37.264,177.567,0.9,1
271,4.516666666666667,right,431.385,197.65,38.531,-4.829,0.9,1
272,4.533333333333333,left,572.347,212.505,21.122,173.389,0.95,0
272,4.533333333333333,right,617.615,212.479,21.863,-7.059,0.95,0
272,4.533333333333333,right,232.154,233.899,16.499,12.071,0.92,0
272,4.533333333333333,right,226.989,215.711,34.352,14.657,0.9,1
272,4.533333333333333,left,341.361,198.455,37.559,179.942,0.9,1
272,4.533333333333333,right,434.021,198.105,36.954,-2.88,0.9,1
273,4.55,left,576.213,211.515,20.713,164.411,0.95,0
273,4.55,right,619.933,211.839,21.82,-16.162,0.95,0
273,4.55,right,232.488,234.053,18.315,9.477,0.92,0
273,4.55,right,227.315,214.654,34.836,17.21,0.9,1
273,4.55,left,343.021,198.221,38.715,177.038,0.9,1
273,4.55,right,435.216,198.301,36.63,-4.088,0.9,1
273,4.55,distractor,318.609,352.099,9.157,88.062,0.35,1
274,4.566666666666666,left,578.144,211.763,21.041,169.551,0.95,0
274,4.566666666666666,right,621.514,213.081,21.24,-9.851,0.95,0
274,4.566666666666666,right,233.842,234.154,15.27,11.255,0.92,0
274,4.566666666666666,right,228.723,215.069,34.381,14.421,0.9,1
274,4.566666666666666,left,345.135,197.695,37.092,174.648,0.9,1
274,4.566666666666666,right,437.85,199.132,36.714,-3.952,0.9,1
275,4.583333333333333,left,581.63,212.508,19.648,169.774,0.95,0
275,4.583333333333333,right,624.576,213.066,22.27,-8.251,0.95,0
275,4.583333333333333,right,234.381,233.255,16.016,17.272,0.92,0
275,4.583333333333333,right,226.917,215.013,36.209,15.741,0.9,1
275,4.583333333333333,left,347.96,198.65,34.582,175.666,0.9,1
275,4.583333333333333,right,438.628,198.48,36.792,-5.161,0.9,1
276,4.6,left,585.753,212.531,21.79,166.615,0.95,0
276,4.6,right,625.693,213.732,20.88,-9.287,0.95,0
276,4.6,right,229.645,215.8,35.166,14.288,0.9,1
276,4.6,left,348.973,198.852,38.313,174.446,0.9,1
276,4.6,right,441.516,197.821,39.757,-6.054,0.9,1
277,4.616666666666666,left,588.79,211.531,22.729,163.436,0.95,0
277,4.616666666666666,right,626.899,213.507,20.936,-11.799,0.95,0
277,4.616666666666666,right,230.481,215.473,34.335,17.478,0.9,1
277,4.616666666666666,left,350.618,198.294,39.974,179.857,0.9,1
277,4.616666666666666,right,442.343,199.027,37.266,-7.555,0.9,1
278,4.633333333333334,left,592.018,212.577,22.911,165.061,0.95,0
278,4.633333333333334,right,628.892,213.691,22.057,-8.962,0.95,0
278,4.633333333333334,right,230.401,215.234,34.342,13.652,0.9,1
278,4.633333333333334,left,351.965,197.818,38.393,173.296,0.9,1
278,4.633333333333334,right,444.81,198.94,35.514,-6.003,0.9,1
279,4.65,left,593.642,213.259,21.398,169.326,0.95,0
279,4.65,right,231.158,215.863,36.33,16.643,0.9,1
279,4.65,left,355.619,197.718,37.561,177.474,0.9,1
279,4.65,right,445.337,199.09,36.257,-3.945,0.9,1
280,4.666666666666667,left,597.301,212.373,22.558,158.751,0.95,0
280,4.666666666666667,right,232.445,215.022,34.086,16.002,0.9,1
280,4.666666666666667,left,357.788,198.505,35.608,175.134,0.9,1
280,4.666666666666667,right,447.091,199.751,37.845,-8.637,0.9,1
280,4.666666666666667,distractor,331.214,217.833,10.273,91.482,0.35,1
281,4.683333333333334,left,599.545,213.211,20.393,165.946,0.95,0
281,4.683333333333334,left,228.329,234.136,16.355,199.296,0.92,0
281,4.683333333333334,right,233.015,216.362,34.34,15.277,0.9,1
281,4.683333333333334,left,359.402,197.799,37.773,177.541,0.9,1
281,4.683333333333334,right,448.681,198.921,38.746,-6.188,0.9,1
282,4.7,left,601.24,213.773,21.779,162.722,0.95,0
282,4.7,left,227.482,233.673,17.0,197.158,0.92,0
282,4.7,right,233.622,215.908,35.223,12.945,0.9,1
282,4.7,left,361.136,197.94,37.103,173.542,0.9,1
282,4.7,right,451.642,198.533,35.33,-3.751,0.9,1
283,4.716666666666667,left,603.945,211.498,20.231,163.871,0.95,0
283,4.716666666666667,left,228.612,233.49,16.083,190.654,0.92,0
283,4.716666666666667,right,233.221,215.522,32.146,14.952,0.9,1
283,4.716666666666667,left,363.256,199.133,38.959,176.661,0.9,1
283,4.716666666666667,right,452.454,199.957,37.331,-3.624,0.9,1
284,4.733333333333333,left,607.094,212.565,21.783,167.248,0.95,0
284,4.733333333333333,right,234.117,214.559,32.891,14.43,0.9,1
284,4.733333333333333,left,365.341,197.305,37.977,177.506,0.9,1
284,4.733333333333333,right,455.449,198.624,35.733,-4.905,0.9,1
285,4.75,left,609.859,213.042,22.078,166.702,0.95,0
285,4.75,left,224.352,216.372,32.299,197.557,0.9,1
285,4.75,right,235.265,215.656,32.659,15.289,0.9,1
285,4.75,left,367.723,198.668,39.548,176.257,0.9,1
285,4.75,right,456.229,198.637,36.297,-4.917,0.9,1
287,4.783333333333333,left,612.71,213.183,19.953,162.101,0.95,0
287,4.783333333333333,left,224.862,217.492,34.442,193.759,0.9,1
287,4.783333333333333,right,235.626,214.96,35.418,18.115,0.9,1
287,4.783333333333333,left,371.84,197.711,37.764,176.215,0.9,1
287,4.783333333333333,right,460.388,198.955,36.813,-8.441,0.9,1
287,4.783333333333333,distractor,503.368,379.148,7.313,117.22,0.35,1
288,4.8,left,615.725,212.689,20.848,169.037,0.95,0
288,4.8,left,224.704,218.113,31.108,197.023,0.9,1
288,4.8,right,238.381,214.913,36.157,14.395,0.9,1
288,4.8,left,373.668,198.042,39.029,176.085,0.9,1
288,4.8,right,460.954,200.036,36.319,-5.048,0.9,1
289,4.816666666666666,left,616.584,213.712,22.687,160.573,0.95,0
289,4.816666666666666,left,224.628,217.303,32.526,200.091,0.9,1
289,4.816666666666666,right,239.273,214.973,35.562,16.052,0.9,1
289,4.816666666666666,left,374.852,197.958,36.853,171.709,0.9,1
289,4.816666666666666,right,462.861,199.758,36.45,-4.929,0.9,1
290,4.833333333333333,left,619.167,214.351,21.872,164.979,0.95,0
290,4.833333333333333,left,224.987,217.67,31.543,195.282,0.9,1
290,4.833333333333333,right,239.351,214.949,34.897,16.849,0.9,1
290,4.833333333333333,left,377.359,197.542,35.688,173.833,0.9,1
290,4.833333333333333,right,463.6,199.163,35.413,-6.267,0.9,1
291,4.85,left,622.079,213.222,21.883,162.358,0.95,0
291,4.85,left,224.199,217.907,33.741,197.037,0.9,1
291,4.85,right,239.667,215.084,34.606,17.452,0.9,1
291,4.85,left,379.575,197.708,39.241,176.294,0.9,1
291,4.85,right,465.858,199.896,36.401,-9.326,0.9,1
292,4.866666666666666,left,623.97,213.253,21.282,161.911,0.95,0
292,4.866666666666666,left,224.733,217.066,32.429,193.117,0.9,1
292,4.866666666666666,right,241.139,214.481,37.122,16.322,0.9,1
292,4.866666666666666,left,381.541,198.929,38.174,174.391,0.9,1
292,4.866666666666666,right,466.857,199.1,36.392,-8.539,0.9,1
293,4.883333333333334,left,625.666,214.473,20.36,164.947,0.95,0
293,4.883333333333334,left,224.986,217.266,31.535,196.049,0.9,1
293,4.883333333333334,right,241.334,214.36,36.224,15.881,0.9,1
293,4.883333333333334,left,383.571,197.308,39.345,173.217,0.9,1
293,4.883333333333334,right,469.114,199.69,38.419,-7.355,0.9,1
294,4.9,left,626.9,214.355,20.51,161.889,0.95,0
294,4.9,left,224.03,216.488,31.631,193.449,0.9,1
294,4.9,right,243.266,215.483,35.606,15.59,0.9,1
294,4.9,left,386.158,198.132,36.344,173.664,0.9,1
294,4.9,right,470.025,199.078,37.104,-5.844,0.9,1
294,4.9,distractor,404.494,203.201,12.833,110.97,0.35,0
295,4.916666666666667,left,627.423,214.353,21.351,168.741,0.95,0
295,4.916666666666667,left,225.147,217.679,31.246,190.837,0.9,1
295,4.916666666666667,right,242.833,214.849,35.112,16.809,0.9,1
295,4.916666666666667,left,387.612,197.832,39.104,173.301,0.9,1
295,4.916666666666667,right,472.889,199.003,36.869,-7.005,0.9,1
296,4.933333333333334,left,628.603,214.931,21.258,161.195,0.95,0
296,4.933333333333334,left,224.054,216.476,33.874,193.735,0.9,1
296,4.933333333333334,right,245.274,214.954,35.521,16.627,0.9,1
296,4.933333333333334,left,391.105,197.854,36.192,174.921,0.9,1
296,4.933333333333334,right,472.377,199.781,35.532,-8.202,0.9,1
297,4.95,left,224.107,216.231,32.735,195.674,0.9,1
297,4.95,right,245.493,214.36,37.074,14.602,0.9,1
297,4.95,left,392.493,197.964,38.867,172.221,0.9,1
297,4.95,right,475.124,199.545,38.166,-3.715,0.9,1
298,4.966666666666667,left,224.596,218.28,32.778,193.528,0.9,1
298,4.966666666666667,right,247.06,214.49,36.419,11.351,0.9,1
298,4.966666666666667,left,394.499,199.002,36.601,172.638,0.9,1
298,4.966666666666667,right,476.105,199.598,35.511,-8.798,0.9,1
299,4.983333333333333,left,225.417,216.883,32.88,194.73,0.9,1
299,4.983333333333333,right,247.419,214.309,34.653,12.353,0.9,1
299,4.983333333333333,left,396.367,197.478,37.431,172.343,0.9,1
299,4.983333333333333,right,477.688,199.127,34.045,-5.952,0.9,1
300,5.0,left,226.538,217.776,34.509,194.096,0.9,1
300,5.0,right,249.383,214.573,34.878,16.874,0.9,1
300,5.0,left,397.292,197.422,38.309,171.322,0.9,1
300,5.0,right,479.635,199.418,39.144,-10.166,0.9,1
301,5.016666666666667,left,225.298,216.394,33.233,194.15,0.9,1
301,5.016666666666667,right,249.825,213.629,37.226,15.506,0.9,1
301,5.016666666666667,left,400.194,198.573,36.853,173.465,0.9,1
301,5.016666666666667,right,480.068,198.848,36.982,-6.75,0.9,1
301,5.016666666666667,distractor,587.495,180.78,6.568,93.72,0.35,0
302,5.033333333333333,right,549.515,226.028,19.214,0.464,0.95,0
302,5.033333333333333,left,225.874,216.699,29.598,192.683,0.9,1
302,5.033333333333333,right,250.599,214.3,38.031,13.48,0.9,1
302,5.033333333333333,left,402.55,199.208,37.908,172.476,0.9,1
302,5.033333333333333,right,482.53,199.544,36.145,-11.248,0.9,1
303,5.05,right,551.686,224.906,18.834,7.911,0.95,0
303,5.05,left,225.06,217.065,32.837,196.847,0.9,1
303,5.05,right,251.014,214.537,35.048,13.593,0.9,1
303,5.05,left,404.473,198.234,37.785,171.734,0.9,1
303,5.05,right,483.674,199.135,35.631,-7.195,0.9,1
304,5.066666666666666,right,553.308,224.708,19.188,-4.23,0.95,0
304,5.066666666666666,left,225.827,216.926,34.817,191.935,0.9,1
304,5.066666666666666,right,253.088,213.98,34.993,17.134,0.9,1
304,5.066666666666666,left,405.745,198.239,37.454,171.282,0.9,1
304,5.066666666666666,right,484.267,199.254,36.109,-8.082,0.9,1
305,5.083333333333333,right,556.352,226.291,20.149,-1.519,0.95,0
305,5.083333333333333,left,225.675,217.153,33.81,195.574,0.9,1
305,5.083333333333333,right,254.427,214.108,34.078,14.325,0.9,1
305,5.083333333333333,left,407.851,198.525,36.764,173.593,0.9,1
305,5.083333333333333,right,485.682,200.241,35.46,-10.957,0.9,1
306,5.1,right,558.631,225.089,17.052,9.115,0.95,0
306,5.1,left,226.117,216.819,29.75,192.562,0.9,1
306,5.1,right,256.324,213.118,36.668,15.887,0.9,1
306,5.1,left,409.344,198.087,36.929,166.773,0.9,1
306,5.1,right,486.988,200.26,35.729,-8.014,0.9,1
307,5.116666666666666,right,560.467,224.393,19.345,2.815,0.95,0
307,5.116666666666666,left,227.049,216.067,33.321,196.301,0.9,1
307,5.116666666666666,right,256.861,213.742,34.893,16.057,0.9,1
307,5.116666666666666,left,412.638,197.311,38.326,171.879,0.9,1
307,5.116666666666666,right,488.71,200.371,35.735,-9.414,0.9,1
308,5.133333333333334,right,562.184,225.542,21.772,2.743,0.95,0
308,5.133333333333334,left,227.596,216.462,32.573,194.607,0.9,1
308,5.133333333333334,right,257.469,213.927,35.079,13.08,0.9,1
308,5.133333333333334,left,414.118,198.548,35.607,172.151,0.9,1
308,5.133333333333334,right,489.628,200.324,36.821,-11.129,0.9,1
308,5.133333333333334,distractor,93.622,326.405,10.558,94.082,0.35,0
309,5.15,right,565.246,225.027,19.615,5.385,0.95,0
309,5.15,left,227.591,214.707,32.26,195.11,0.9,1
309,5.15,right,259.127,214.184,35.941,12.798,0.9,1
309,5.15,left,416.502,197.752,37.965,170.591,0.9,1
309,5.15,right,491.044,200.763,35.544,-9.346,0.9,1
310,5.166666666666667,right,566.841,225.102,18.933,-3.297,0.95,0
310,5.166666666666667,left,227.088,216.476,32.436,195.955,0.9,1
310,5.166666666666667,right,259.939,214.221,35.923,17.239,0.9,1
310,5.166666666666667,left,417.275,197.989,38.308,171.175,0.9,1
310,5.166666666666667,right,492.078,200.026,35.141,-9.272,0.9,1
311,5.183333333333334,right,568.698,224.508,19.101,-1.103,0.95,0
311,5.183333333333334,left,228.24,215.429,35.015,191.579,0.9,1
311,5.183333333333334,right,260.433,214.929,37.252,13.001,0.9,1
311,5.183333333333334,left,420.556,199.406,38.639,172.136,0.9,1
311,5.183333333333334,right,493.313,200.841,35.056,-8.576,0.9,1
312,5.2,right,571.179,225.661,18.143,-1.559,0.95,0
312,5.2,left,227.042,216.978,32.158,192.933,0.9,1
312,5.2,right,262.35,214.158,35.407,13.707,0.9,1
312,5.2,left,421.831,198.7,36.819,171.03,0.9,1
312,5.2,right,494.83,199.895,36.347,-9.16,0.9,1
313,5.216666666666667,right,573.519,225.673,19.075,-6.56,0.95,0
313,5.216666666666667,left,229.1,216.589,34.876,195.019,0.9,1
313,5.216666666666667,right,262.943,213.938,37.124,12.552,0.9,1
313,5.216666666666667,left,424.883,198.71,37.734,171.837,0.9,1
313,5.216666666666667,right,496.007,200.985,36.567,-6.388,0.9,1
314,5.233333333333333,right,574.42,224.963,19.548,-4.98,0.95,0
314,5.233333333333333,left,228.757,216.109,34.569,190.212,0.9,1
314,5.233333333333333,right,266.152,214.982,37.016,15.233,0.9,1
314,5.233333333333333,left,426.571,198.28,36.503,169.656,0.9,1
314,5.233333333333333,right,497.236,199.787,36.206,-10.334,0.9,1
315,5.25,right,576.426,225.84,20.958,-7.792,0.95,0
315,5.25,left,229.271,216.92,34.328,191.746,0.9,1
315,5.25,right,266.057,213.81,34.456,15.105,0.9,1
315,5.25,left,428.032,197.857,36.159,166.076,0.9,1
315,5.25,right,499.426,199.287,36.249,-9.115,0.9,1
315,5.25,distractor,360.504,265.133,11.703,67.957,0.35,1
316,5.266666666666667,right,578.177,224.68,19.264,-11.836,0.95,0
316,5.266666666666667,left,230.267,217.657,33.067,190.761,0.9,1
316,5.266666666666667,right,267.869,214.108,35.68,12.113,0.9,1
316,5.266666666666667,left,429.967,198.524,37.595,170.904,0.9,1
316,5.266666666666667,right,499.616,201.327,36.799,-11.641,0.9,1
317,5.283333333333333,right,579.239,226.259,17.744,-8.028,0.95,0
317,5.283333333333333,left,229.566,215.912,32.591,193.88,0.9,1
317,5.283333333333333,right,270.034,213.618,35.397,16.08,0.9,1
317,5.283333333333333,left,432.859,197.834,36.98,172.984,0.9,1
317,5.283333333333333,right,500.681,201.29,35.421,-10.498,0.9,1
318,5.3,right,580.863,226.027,19.313,-10.466,0.95,0
318,5.3,left,229.673,215.778,30.93,195.241,0.9,1
318,5.3,right,268.902,212.976,37.477,13.163,0.9,1
318,5.3,left,433.544,198.449,36.942,171.65,0.9,1
318,5.3,right,502.498,200.187,36.838,-10.21,0.9,1
319,5.316666666666666,right,582.531,225.216,20.022,-8.763,0.95,0
319,5.316666666666666,left,229.094,215.741,34.483,196.091,0.9,1
319,5.316666666666666,right,269.947,213.936,37.366,11.748,0.9,1
319,5.316666666666666,left,435.114,198.135,37.15,169.904,0.9,1
319,5.316666666666666,right,502.658,200.148,35.577,-8.182,0.9,1
320,5.333333333333333,right,583.937,226.616,22.018,-8.423,0.95,0
320,5.333333333333333,left,231.159,216.295,32.975,192.264,0.9,1
320,5.333333333333333,right,273.181,213.702,38.774,15.016,0.9,1
320,5.333333333333333,left,438.06,197.873,38.456,171.564,0.9,1
320,5.333333333333333,right,504.677,199.948,34.663,-11.091,0.9,1
321,5.35,right,586.211,225.699,20.695,-2.777,0.95,0
321,5.35,left,231.787,215.405,34.937,191.042,0.9,1
321,5.35,right,273.144,214.112,36.326,14.734,0.9,1
321,5.35,left,439.59,198.825,36.365,173.673,0.9,1
321,5.35,right,505.139,200.821,35.702,-12.54,0.9,1
322,5.366666666666666,distractor,85.93,214.421,6.06,63.626,0.35,1
323,5.383333333333334,right,587.602,225.903,19.656,-10.904,0.95,0
323,5.383333333333334,left,232.012,215.242,34.474,194.654,0.9,1
323,5.383333333333334,right,276.093,215.826,36.231,13.138,0.9,1
323,5.383333333333334,left,441.692,197.935,38.49,168.523,0.9,1
323,5.383333333333334,right,507.596,201.217,35.238,-12.708,0.9,1
324,5.4,right,589.277,225.696,21.03,-7.449,0.95,0
324,5.4,left,232.777,215.518,33.822,189.545,0.9,1
324,5.4,right,277.748,213.206,35.785,13.433,0.9,1
324,5.4,left,443.862,198.376,36.622,170.762,0.9,1
324,5.4,right,508.206,201.264,35.774,-10.762,0.9,1
325,5.416666666666667,right,591.388,225.726,19.988,-10.252,0.95,0
325,5.416666666666667,left,233.281,215.458,33.076,193.563,0.9,1
325,5.416666666666667,right,279.372,212.91,35.25,14.051,0.9,1
325,5.416666666666667,left,447.48,198.208,38.165,168.598,0.9,1
325,5.416666666666667,right,509.324,200.298,35.571,-11.975,0.9,1
326,5.433333333333334,right,591.84,225.738,18.652,-11.429,0.95,0
326,5.433333333333334,left,233.719,216.014,36.064,190.713,0.9,1
326,5.433333333333334,right,281.688,214.509,34.418,12.734,0.9,1
326,5.433333333333334,left,448.593,199.21,38.056,170.768,0.9,1
326,5.433333333333334,right,510.673,201.035,33.898,-14.346,0.9,1
328,5.466666666666667,left,556.328,225.708,18.283,171.565,0.95,0
328,5.466666666666667,right,593.294,225.168,19.589,-16.465,0.95,0
328,5.466666666666667,left,235.523,215.467,34.463,192.173,0.9,1
328,5.466666666666667,right,283.234,213.246,35.538,15.227,0.9,1
328,5.466666666666667,left,451.097,198.605,38.269,168.595,0.9,1
328,5.466666666666667,right,512.149,200.785,35.374,-16.46,0.9,1
329,5.483333333333333,left,556.667,225.455,19.709,170.383,0.95,0
329,5.483333333333333,right,592.804,226.552,18.793,-9.676,0.95,0
329,5.483333333333333,left,236.189,215.23,32.554,193.072,0.9,1
329,5.483333333333333,right,285.782,214.082,35.857,9.283,0.9,1
329,5.483333333333333,left,454.227,199.187,38.323,169.149,0.9,1
329,5.483333333333333,right,513.377,200.954,36.094,-11.548,0.9,1
329,5.483333333333333,distractor,448.968,114.198,11.301,90.398,0.35,1
330,5.5,left,559.32,226.443,20.532,164.061,0.95,0
330,5.5,right,595.812,225.663,21.164,-10.023,0.95,0
330,5.5,left,237.266,215.361,33.752,193.455,0.9,1
330,5.5,right,287.122,212.089,36.454,12.802,0.9,1
330,5.5,left,456.134,199.283,37.131,166.204,0.9,1
330,5.5,right,513.507,201.89,37.462,-13.767,0.9,1
331,5.516666666666667,left,560.367,225.879,20.424,170.443,0.95,0
331,5.516666666666667,right,595.836,226.134,21.006,-15.205,0.95,0
331,5.516666666666667,left,237.308,215.708,33.877,190.998,0.9,1
331,5.516666666666667,right,287.497,213.507,37.497,9.8,0.9,1
331,5.516666666666667,left,457.872,198.592,36.819,170.635,0.9,1
331,5.516666666666667,right,515.014,201.534,35.504,-12.968,0.9,1
332,5.533333333333333,left,563.269,225.69,20.219,167.219,0.95,0
332,5.533333333333333,right,596.531,225.917,17.404,-11.708,0.95,0
332,5.533333333333333,left,237.758,215.123,32.01,193.957,0.9,1
332,5.533333333333333,right,289.561,214.664,38.628,11.097,0.9,1
332,5.533333333333333,left,459.41,199.003,35.955,167.182,0.9,1
332,5.533333333333333,right,516.979,201.501,35.541,-9.767,0.9,1
333,5.55,left,563.593,226.128,18.763,167.853,0.95,0
333,5.55,right,595.968,225.602,18.529,-12.981,0.95,0
333,5.55,left,238.184,215.908,32.526,190.423,0.9,1
333,5.55,right,290.936,213.505,35.666,8.764,0.9,1
333,5.55,left,460.078,198.185,38.876,169.727,0.9,1
333,5.55,right,517.761,201.086,34.396,-10.301,0.9,1
334,5.566666666666666,left,565.529,225.081,18.472,165.749,0.95,0
334,5.566666666666666,right,597.739,225.83,19.497,-9.996,0.95,0
334,5.566666666666666,left,239.286,214.384,34.34,189.171,0.9,1
334,5.566666666666666,right,291.499,214.613,37.548,11.801,0.9,1
334,5.566666666666666,left,463.088,198.763,38.7,166.649,0.9,1
334,5.566666666666666,right,516.926,200.89,34.46,-16.689,0.9,1
335,5.583333333333333,left,566.662,226.066,18.107,168.977,0.95,0
335,5.583333333333333,right,597.745,226.051,19.355,-10.189,0.95,0
335,5.583333333333333,left,239.962,215.051,34.933,193.784,0.9,1
335,5.583333333333333,right,293.956,212.694,38.502,12.064,0.9,1
335,5.583333333333333,left,464.876,198.835,38.421,169.795,0.9,1
335,5.583333333333333,right,517.685,201.185,37.988,-13.88,0.9,1
336,5.6,left,569.392,226.212,20.224,170.366,0.95,0
336,5.6,right,597.538,225.966,20.469,-13.058,0.95,0
336,5.6,left,241.247,215.838,37.015,195.498,0.9,1
336,5.6,right,295.835,213.09,39.869,12.855,0.9,1
336,5.6,left,467.145,199.126,37.628,167.343,0.9,1
336,5.6,right,519.699,201.728,34.205,-12.961,0.9,1
336,5.6,distractor,371.103,65.566,14.318,69.683,0.35,1
337,5.616666666666666,left,570.576,225.979,17.813,164.876,0.95,0
337,5.616666666666666,right,597.441,226.623,19.351,-14.581,0.95,0
337,5.616666666666666,left,240.82,214.869,35.728,193.483,0.9,1
337,5.616666666666666,right,297.397,213.74,37.521,12.393,0.9,1
337,5.616666666666666,left,468.182,198.506,35.731,170.702,0.9,1
337,5.616666666666666,right,520.449,202.034,33.965,-13.351,0.9,1
338,5.633333333333334,left,572.807,224.68,20.306,160.47,0.95,0
338,5.633333333333334,right,598.458,226.284,19.837,-16.572,0.95,0
338,5.633333333333334,left,242.576,215.658,34.259,195.021,0.9,1
338,5.633333333333334,right,298.299,213.426,36.643,14.293,0.9,1
338,5.633333333333334,left,469.249,199.282,38.685,168.942,0.9,1
338,5.633333333333334,right,521.25,202.068,35.462,-13.798,0.9,1
339,5.65,left,573.258,226.009,20.256,166.421,0.95,0
339,5.65,right,598.302,225.956,17.74,-10.02,0.95,0
339,5.65,left,242.139,216.393,32.936,190.693,0.9,1
339,5.65,right,300.924,213.245,34.711,11.534,0.9,1
339,5.65,left,471.924,199.927,37.99,167.376,0.9,1
339,5.65,right,520.606,202.748,34.981,-13.238,0.9,1
340,5.666666666666667,left,575.363,225.664,18.08,166.681,0.95,0
340,5.666666666666667,right,598.466,227.328,18.48,-14.667,0.95,0
340,5.666666666666667,left,244.699,214.783,34.18,193.801,0.9,1
340,5.666666666666667,right,302.788,213.815,36.693,11.233,0.9,1
340,5.666666666666667,left,472.945,198.98,38.292,168.188,0.9,1
340,5.666666666666667,right,522.973,203.545,35.342,-14.019,0.9,1
341,5.683333333333334,left,577.064,226.074,22.194,166.954,0.95,0
341,5.683333333333334,right,597.891,226.795,18.489,-10.36,0.95,0
341,5.683333333333334,left,245.644,214.116,33.307,188.71,0.9,1
341,5.683333333333334,right,303.633,213.634,38.009,11.823,0.9,1
341,5.683333333333334,left,474.625,198.542,36.694,167.414,0.9,1
341,5.683333333333334,right,522.596,201.845,33.959,-12.032,0.9,1
342,5.7,left,577.162,225.464,19.416,163.996,0.95,0
342,5.7,right,596.93,226.468,17.81,-18.971,0.95,0
342,5.7,left,246.795,215.241,33.763,189.588,0.9,1
342,5.7,right,305.024,213.152,34.846,11.677,0.9,1
342,5.7,left,476.002,200.046,36.138,166.336,0.9,1
342,5.7,right,523.575,202.673,35.297,-12.228,0.9,1
343,5.716666666666667,left,578.387,226.923,21.488,164.141,0.95,0
343,5.716666666666667,right,597.48,226.046,17.817,-17.143,0.95,0
343,5.716666666666667,left,246.672,214.632,33.975,190.748,0.9,1
343,5.716666666666667,right,306.411,213.059,37.242,7.557,0.9,1
343,5.716666666666667,left,477.812,199.354,37.352,167.368,0.9,1
343,5.716666666666667,right,524.128,202.179,33.221,-12.091,0.9,1
343,5.716666666666667,distractor,66.47,204.657,13.981,106.607,0.35,1
344,5.733333333333333,left,579.914,226.502,19.766,160.764,0.95,0
344,5.733333333333333,right,597.391,226.999,18.887,-11.281,0.95,0
344,5.733333333333333,left,247.17,213.909,35.356,191.67,0.9,1
344,5.733333333333333,right,307.965,212.61,36.002,8.973,0.9,1
344,5.733333333333333,left,478.439,199.732,37.012,166.773,0.9,1
344,5.733333333333333,right,524.524,202.833,32.896,-13.317,0.9,1
345,5.75,left,580.954,227.069,19.961,163.879,0.95,0
345,5.75,right,596.362,227.076,19.516,-14.242,0.95,0
345,5.75,left,248.579,214.824,34.281,190.081,0.9,1
345,5.75,right,309.926,213.582,38.047,10.067,0.9,1
345,5.75,left,480.51,199.905,36.031,167.241,0.9,1
345,5.75,right,525.779,201.863,33.321,-15.446,0.9,1
346,5.766666666666667,left,581.843,226.688,20.723,164.635,0.95,0
346,5.766666666666667,right,597.451,227.142,19.716,-19.547,0.95,0
346,5.766666666666667,left,249.358,214.794,34.72,190.263,0.9,1
346,5.766666666666667,right,312.325,212.505,36.102,11.987,0.9,1
346,5.766666666666667,left,483.17,199.706,37.286,166.03,0.9,1
346,5.766666666666667,right,526.705,202.916,34.01,-17.342,0.9,1
347,5.783333333333333,left,582.687,226.254,20.154,164.204,0.95,0
347,5.783333333333333,right,596.05,226.67,18.219,-14.821,0.95,0
347,5.783333333333333,left,248.936,215.711,35.409,187.452,0.9,1
347,5.783333333333333,right,314.596,212.291,38.33,12.84,0.9,1
347,5.783333333333333,left,483.684,199.784,38.8,168.368,0.9,1
347,5.783333333333333,right,526.303,202.293,34.288,-17.387,0.9,1
348,5.8,left,583.478,226.153,17.079,162.166,0.95,0
348,5.8,right,595.215,227.148,18.939,-15.729,0.95,0
348,5.8,left,249.799,214.869,33.905,190.312,0.9,1
348,5.8,right,315.852,212.591,36.63,7.849,0.9,1
348,5.8,left,486.109,199.58,36.949,165.956,0.9,1
348,5.8,right,526.376,202.918,34.432,-13.831,0.9,1
349,5.816666666666666,left,584.463,226.066,20.778,167.273,0.95,0
349,5.816666666666666,left,252.434,216.456,33.729,189.357,0.9,1
349,5.816666666666666,right,317.32,213.865,35.645,9.711,0.9,1
349,5.816666666666666,left,486.534,199.762,37.555,164.6,0.9,1
349,5.816666666666666,right,527.896,202.935,35.163,-14.408,0.9,1
350,5.833333333333333,left,584.908,226.643,18.749,157.484,0.95,0
350,5.833333333333333,left,252.503,214.494,34.908,190.11,0.9,1
350,5.833333333333333,right,319.335,212.312,37.699,6.27,0.9,1
350,5.833333333333333,left,489.211,199.259,37.41,164.999,0.9,1
350,5.833333333333333,right,526.783,202.855,34.813,-18.059,0.9,1
350,5.833333333333333,distractor,589.951,62.925,7.352,78.595,0.35,0
352,5.866666666666666,left,585.48,226.72,19.068,162.754,0.95,0
352,5.866666666666666,left,255.197,214.865,34.113,185.602,0.9,1
352,5.866666666666666,right,322.091,212.405,37.253,9.268,0.9,1
352,5.866666666666666,left,491.216,198.833,39.081,161.917,0.9,1
352,5.866666666666666,right,530.36,204.302,33.382,-13.314,0.9,1
353,5.883333333333334,left,586.812,226.458,20.27,164.923,0.95,0
353,5.883333333333334,left,256.413,215.175,35.038,189.888,0.9,1
353,5.883333333333334,right,323.585,213.85,37.281,8.454,0.9,1
353,5.883333333333334,left,492.785,199.726,37.249,167.421,0.9,1
353,5.883333333333334,right,530.382,203.11,34.542,-15.99,0.9,1
354,5.9,left,587.56,225.961,17.351,164.535,0.95,0
354,5.9,left,256.179,213.14,34.116,192.34,0.9,1
354,5.9,right,325.927,213.538,38.183,6.403,0.9,1
354,5.9,left,495.05,199.379,36.818,167.486,0.9,1
354,5.9,right,530.051,203.393,34.092,-14.244,0.9,1
355,5.916666666666667,left,587.67,226.741,19.159,159.984,0.95,0
355,5.916666666666667,left,258.094,214.086,34.01,191.153,0.9,1
355,5.916666666666667,right,326.961,213.275,37.594,9.856,0.9,1
355,5.916666666666667,left,495.106,199.365,38.641,166.261,0.9,1
355,5.916666666666667,right,531.343,204.497,33.753,-11.56,0.9,1
356,5.933333333333334,left,587.434,226.441,18.966,163.718,0.95,0
356,5.933333333333334,left,258.468,214.034,36.672,190.681,0.9,1
356,5.933333333333334,right,330.27,212.58,36.578,8.116,0.9,1
356,5.933333333333334,left,497.493,199.534,36.594,165.962,0.9,1
356,5.933333333333334,right,531.308,202.606,31.112,-14.081,0.9,1
357,5.95,left,587.73,226.938,18.59,161.616,0.95,0
357,5.95,left,259.917,214.673,34.522,188.574,0.9,1
357,5.95,right,331.509,212.296,36.479,7.053,0.9,1
357,5.95,left,498.687,201.134,38.055,167.739,0.9,1
357,5.95,right,530.937,203.874,32.729,-17.818,0.9,1
357,5.95,distractor,427.779,270.592,14.361,81.018,0.35,1
358,5.966666666666667,left,587.519,225.977,18.995,159.277,0.95,0
358,5.966666666666667,left,260.01,214.262,33.155,189.547,0.9,1
358,5.966666666666667,right,333.005,213.035,37.605,7.91,0.9,1
358,5.966666666666667,left,498.525,200.413,36.739,164.758,0.9,1
358,5.966666666666667,right,531.865,203.344,34.499,-13.837,0.9,1
359,5.983333333333333,left,587.877,227.255,17.867,168.091,0.95,0
359,5.983333333333333,left,262.267,214.642,34.847,190.058,0.9,1
359,5.983333333333333,right,334.712,212.831,38.11,5.397,0.9,1
359,5.983333333333333,left,500.406,198.667,35.301,166.204,0.9,1
359,5.983333333333333,right,532.312,203.696,33.83,-14.418,0.9,1
360,6.0,left,587.173,225.616,19.979,169.4,0.95,0
360,6.0,left,263.092,214.792,33.589,190.408,0.9,1
360,6.0,right,336.791,212.981,37.553,6.21,0.9,1
360,6.0,left,501.541,200.712,38.415,167.693,0.9,1
360,6.0,right,532.662,203.73,33.286,-15.451,0.9,1
361,6.016666666666667,right,546.377,214.93,20.769,-6.338,0.95,0
361,6.016666666666667,left,587.352,227.117,19.58,158.485,0.95,0
361,6.016666666666667,left,263.616,214.847,38.116,190.011,0.9,1
361,6.016666666666667,right,339.213,212.616,36.653,6.218,0.9,1
361,6.016666666666667,left,503.932,200.967,36.229,164.426,0.9,1
361,6.016666666666667,right,533.219,203.221,34.274,-16.883,0.9,1
362,6.033333333333333,right,548.747,214.604,18.448,-5.644,0.95,0
362,6.033333333333333,left,587.525,225.932,18.487,165.028,0.95,0
362,6.033333333333333,left,266.66,213.27,36.216,184.022,0.9,1
362,6.033333333333333,right,340.05,212.905,36.022,10.691,0.9,1
362,6.033333333333333,left,504.834,200.643,35.67,166.091,0.9,1
362,6.033333333333333,right,533.429,203.301,34.627,-14.106,0.9,1
363,6.05,right,550.601,215.627,18.121,1.521,0.95,0
363,6.05,left,265.561,215.31,33.179,188.845,0.9,1
363,6.05,right,342.333,214.524,38.318,8.691,0.9,1
363,6.05,left,505.741,199.908,35.613,163.76,0.9,1
363,6.05,right,533.604,203.37,33.342,-14.109,0.9,1
364,6.066666666666666,right,553.55,215.051,20.651,-2.696,0.95,0
364,6.066666666666666,left,268.494,214.498,34.356,191.637,0.9,1
364,6.066666666666666,right,343.908,212.746,38.382,8.038,0.9,1
364,6.066666666666666,left,506.877,201.083,35.048,165.666,0.9,1
364,6.066666666666666,right,533.11,203.899,34.345,-15.49,0.9,1
364,6.066666666666666,distractor,382.208,301.887,11.151,115.485,0.35,1
365,6.083333333333333,right,555.842,215.365,18.767,0.082,0.95,0
365,6.083333333333333,left,268.716,214.581,35.141,188.211,0.9,1
365,6.083333333333333,right,345.901,213.298,37.748,8.0,0.9,1
365,6.083333333333333,left,508.646,200.577,34.918,169.357,0.9,1
365,6.083333333333333,right,533.565,203.185,31.988,-17.298,0.9,1
366,6.1,right,557.111,214.778,19.808,-1.15,0.95,0
366,6.1,left,270.464,214.193,33.248,188.182,0.9,1
366,6.1,right,348.039,213.172,36.98,7.851,0.9,1
366,6.1,left,509.649,201.517,38.258,164.667,0.9,1
366,6.1,right,533.159,203.435,35.187,-14.946,0.9,1
367,6.116666666666666,right,559.36,215.89,17.227,-1.36,0.95,0
367,6.116666666666666,left,270.825,213.122,34.026,187.053,0.9,1
367,6.116666666666666,right,348.161,213.699,37.071,5.997,0.9,1
367,6.116666666666666,left,510.224,200.241,36.364,164.058,0.9,1
367,6.116666666666666,right,535.244,203.471,34.14,-16.633,0.9,1
368,6.133333333333334,right,561.556,215.544,17.963,-9.769,0.95,0
368,6.133333333333334,left,271.971,213.183,36.141,186.686,0.9,1
368,6.133333333333334,right,350.263,211.942,38.191,5.987,0.9,1
368,6.133333333333334,left,511.036,201.366,38.268,164.421,0.9,1
368,6.133333333333334,right,534.454,203.866,33.177,-16.473,0.9,1
369,6.15,right,563.974,215.353,19.738,-8.741,0.95,0
369,6.15,left,273.955,214.204,33.792,189.929,0.9,1
369,6.15,right,353.249,212.66,39.379,3.9,0.9,1
369,6.15,left,512.409,201.002,36.151,163.926,0.9,1
369,6.15,right,535.618,203.823,34.278,-16.616,0.9,1
370,6.166666666666667,right,566.716,214.916,17.897,-4.621,0.95,0
370,6.166666666666667,left,275.539,214.438,34.061,189.653,0.9,1
370,6.166666666666667,right,354.059,212.192,37.16,8.122,0.9,1
370,6.166666666666667,left,512.972,201.497,37.544,166.22,0.9,1
370,6.166666666666667,right,535.452,203.797,34.415,-10.536,0.9,1
371,6.183333333333334,right,568.321,215.988,19.506,-5.822,0.95,0
371,6.183333333333334,left,275.216,213.959,35.483,191.636,0.9,1
371,6.183333333333334,right,355.708,212.98,38.487,4.158,0.9,1
371,6.183333333333334,left,514.979,201.253,37.755,165.728,0.9,1
371,6.183333333333334,right,535.148,203.855,32.058,-16.385,0.9,1
371,6.183333333333334,distractor,382.516,277.623,9.261,100.555,0.35,0
372,6.2,right,570.707,215.345,19.148,-0.136,0.95,0
372,6.2,left,277.886,214.291,37.712,187.053,0.9,1
372,6.2,right,357.557,212.056,37.0,7.994,0.9,1
372,6.2,left,517.154,201.198,36.532,165.2,0.9,1
372,6.2,right,535.499,204.24,34.279,-13.774,0.9,1
373,6.216666666666667,right,571.244,215.602,17.515,-12.55,0.95,0
373,6.216666666666667,left,279.76,213.341,32.82,186.845,0.9,1
373,6.216666666666667,right,360.066,212.439,35.589,4.353,0.9,1
373,6.216666666666667,left,517.782,200.59,37.522,163.67,0.9,1
373,6.216666666666667,right,535.868,204.554,33.775,-14.992,0.9,1
374,6.233333333333333,right,573.666,216.307,19.348,-5.245,0.95,0
374,6.233333333333333,left,280.268,213.421,35.957,187.101,0.9,1
374,6.233333333333333,right,361.066,212.278,38.52,6.158,0.9,1
374,6.233333333333333,left,518.813,201.217,35.306,165.27,0.9,1
374,6.233333333333333,right,535.372,204.08,34.209,-13.982,0.9,1
375,6.25,right,575.466,216.618,18.327,-6.717,0.95,0
375,6.25,left,281.728,213.901,35.651,191.714,0.9,1
375,6.25,right,363.534,212.73,33.815,8.523,0.9,1
375,6.25,left,519.51,201.014,36.346,163.388,0.9,1
375,6.25,right,535.042,204.637,32.714,-15.802,0.9,1
376,6.266666666666667,right,576.904,215.755,18.773,-6.818,0.95,0
376,6.266666666666667,left,283.573,214.378,33.69,189.07,0.9,1
376,6.266666666666667,right,365.89,213.093,36.552,5.233,0.9,1
376,6.266666666666667,left,520.333,201.793,38.47,162.655,0.9,1
376,6.266666666666667,right,535.98,204.657,34.511,-12.824,0.9,1
377,6.283333333333333,left,537.816,215.07,18.277,174.585,0.95,0
377,6.283333333333333,right,578.311,215.546,20.475,-7.223,0.95,0
377,6.283333333333333,left,283.986,213.951,35.443,186.849,0.9,1
377,6.283333333333333,right,368.11,213.853,36.583,7.918,0.9,1
377,6.283333333333333,left,521.271,201.845,36.543,161.478,0.9,1
377,6.283333333333333,right,537.448,204.255,33.053,-15.449,0.9,1
378,6.3,left,540.062,216.07,17.578,168.351,0.95,0
378,6.3,right,579.744,216.33,20.619,-6.005,0.95,0
378,6.3,left,286.756,213.168,37.518,186.987,0.9,1
378,6.3,right,369.643,212.921,35.955,5.66,0.9,1
378,6.3,left,520.743,201.614,37.576,165.719,0.9,1
378,6.3,right,536.702,205.113,32.967,-16.828,0.9,1
378,6.3,distractor,428.149,384.52,11.814,115.424,0.35,1
379,6.316666666666666,left,541.763,215.378,19.214,166.42,0.95,0
379,6.316666666666666,right,580.964,215.587,21.933,-4.506,0.95,0
379,6.316666666666666,left,286.928,214.307,35.591,183.804,0.9,1
379,6.316666666666666,right,371.937,212.46,34.722,6.102,0.9,1
379,6.316666666666666,left,523.505,202.08,35.81,164.125,0.9,1
379,6.316666666666666,right,535.02,205.668,32.132,-16.041,0.9,1
380,6.333333333333333,left,544.111,215.779,18.658,166.646,0.95,0
380,6.333333333333333,right,582.583,215.501,16.436,-14.33,0.95,0
380,6.333333333333333,left,288.139,213.306,34.142,185.099,0.9,1
380,6.333333333333333,right,373.734,212.508,37.864,4.728,0.9,1
380,6.333333333333333,left,523.791,201.484,34.788,169.77,0.9,1
380,6.333333333333333,right,534.692,204.96,33.572,-13.875,0.9,1
381,6.35,left,546.103,215.726,17.855,164.531,0.95,0
381,6.35,right,583.101,217.085,19.003,-5.586,0.95,0
381,6.35,left,290.326,215.022,37.277,187.947,0.9,1
381,6.35,right,375.369,213.365,36.838,7.425,0.9,1
381,6.35,left,525.572,201.737,33.884,166.143,0.9,1
381,6.35,right,535.848,205.07,36.033,-12.769,0.9,1
382,6.366666666666666,left,549.575,215.101,18.35,172.285,0.95,0
382,6.366666666666666,right,583.267,216.027,16.028,-11.659,0.95,0
382,6.366666666666666,left,292.506,213.891,34.414,188.568,0.9,1
382,6.366666666666666,right,378.197,211.774,37.808,2.849,0.9,1
382,6.366666666666666,left,526.564,202.159,36.081,164.116,0.9,1
382,6.366666666666666,right,535.033,204.99,31.689,-14.571,0.9,1
383,6.383333333333334,left,550.831,215.764,17.169,170.253,0.95,0
383,6.383333333333334,right,585.479,216.155,18.353,-13.966,0.95,0
383,6.383333333333334,left,292.163,213.261,36.524,181.423,0.9,1
383,6.383333333333334,right,378.742,212.836,36.404,5.675,0.9,1
383,6.383333333333334,left,525.98,199.85,36.104,165.632,0.9,1
383,6.383333333333334,right,536.526,205.494,32.694,-17.214,0.9,1
384,6.4,left,552.279,215.163,21.958,169.916,0.95,0
384,6.4,right,585.531,217.022,19.219,-19.689,0.95,0
384,6.4,left,294.196,213.919,35.9,184.389,0.9,1
384,6.4,right,380.628,212.147,35.69,4.32,0.9,1
384,6.4,left,526.702,201.456,35.173,166.933,0.9,1
384,6.4,right,536.086,204.777,31.631,-12.928,0.9,1
385,6.416666666666667,left,554.401,217.086,18.377,173.314,0.95,0
385,6.416666666666667,right,586.241,217.459,19.556,-15.316,0.95,0
385,6.416666666666667,left,296.779,213.974,34.672,185.903,0.9,1
385,6.416666666666667,right,382.333,213.209,37.074,1.973,0.9,1
385,6.416666666666667,left,528.2,201.803,35.267,165.68,0.9,1
385,6.416666666666667,right,536.766,204.968,33.05,-13.578,0.9,1
385,6.416666666666667,distractor,199.291,366.726,5.576,102.91,0.35,0
386,6.433333333333334,left,558.095,214.858,19.445,164.4,0.95,0
386,6.433333333333334,right,587.545,216.869,19.122,-11.572,0.95,0
386,6.433333333333334,left,298.012,212.086,34.451,186.872,0.9,1
386,6.433333333333334,right,384.374,212.439,37.577,3.243,0.9,1
386,6.433333333333334,left,529.23,202.108,36.116,164.0,0.9,1
387,6.45,left,559.411,215.805,18.919,164.435,0.95,0
387,6.45,right,588.71,216.446,18.762,-11.197,0.95,0
387,6.45,left,299.25,215.598,36.33,184.517,0.9,1
387,6.45,right,386.691,213.253,37.77,3.733,0.9,1
387,6.45,left,530.535,202.907,36.352,165.465,0.9,1
388,6.466666666666667,left,561.533,215.722,18.768,167.404,0.95,0
388,6.466666666666667,right,588.562,216.066,16.402,-18.794,0.95,0
388,6.466666666666667,left,300.327,214.36,35.348,182.445,0.9,1
388,6.466666666666667,right,388.474,212.061,37.038,4.205,0.9,1
388,6.466666666666667,left,530.331,202.113,34.981,164.729,0.9,1
389,6.483333333333333,left,562.793,216.332,19.321,164.628,0.95,0
389,6.483333333333333,right,589.025,217.065,17.543,-12.456,0.95,0
389,6.483333333333333,left,302.025,213.672,34.26,184.817,0.9,1
389,6.483333333333333,right,389.712,212.82,36.538,5.257,0.9,1
389,6.483333333333333,left,530.777,202.438,35.758,165.726,0.9,1
390,6.5,left,564.839,216.113,19.298,171.035,0.95,0
390,6.5,right,589.261,216.862,18.699,-12.786,0.95,0
390,6.5,left,303.932,213.645,37.263,188.738,0.9,1
390,6.5,right,391.735,212.419,37.625,1.642,0.9,1
390,6.5,left,531.983,202.805,34.246,165.574,0.9,1
391,6.516666666666667,left,565.42,216.745,17.393,164.454,0.95,0
391,6.516666666666667,right,590.676,216.533,17.931,-13.946,0.95,0
391,6.516666666666667,left,305.581,214.407,33.826,182.144,0.9,1
391,6.516666666666667,right,393.537,213.604,35.661,0.16,0.9,1
391,6.516666666666667,left,532.48,202.197,35.38,162.943,0.9,1
392,6.533333333333333,left,567.189,216.628,20.263,167.349,0.95,0
392,6.533333333333333,right,590.446,216.612,17.243,-16.204,0.95,0
392,6.533333333333333,left,307.168,212.77,36.23,183.713,0.9,1
392,6.533333333333333,right,395.252,213.062,35.39,2.151,0.9,1
392,6.533333333333333,left,533.133,202.645,36.451,164.192,0.9,1
392,6.533333333333333,distractor,193.23,172.219,12.271,106.149,0.35,0
393,6.55,left,568.8,216.862,16.249,162.342,0.95,0
393,6.55,right,591.354,217.404,18.399,-13.769,0.95,0
393,6.55,left,307.958,213.971,35.863,187.245,0.9,1
393,6.55,right,398.322,213.146,38.693,6.137,0.9,1
393,6.55,left,534.317,201.833,35.505,162.78,0.9,1
394,6.566666666666666,left,569.801,215.466,19.513,168.1,0.95,0
394,6.566666666666666,right,589.565,217.334,17.78,-14.742,0.95,0
394,6.566666666666666,left,309.353,213.74,35.089,183.477,0.9,1
394,6.566666666666666,right,399.078,211.831,37.345,4.493,0.9,1
394,6.566666666666666,left,535.098,200.812,35.878,165.378,0.9,1
395,6.583333333333333,left,570.899,215.763,19.471,162.327,0.95,0
395,6.583333333333333,right,590.947,216.366,18.563,-17.396,0.95,0
395,6.583333333333333,left,311.048,213.952,35.487,184.212,0.9,1
395,6.583333333333333,right,401.253,212.772,36.413,0.048,0.9,1
395,6.583333333333333,left,534.537,202.393,36.36,166.003,0.9,1
396,6.6,left,574.074,217.299,20.556,165.612,0.95,0
396,6.6,right,590.636,217.038,19.99,-12.776,0.95,0
396,6.6,left,313.016,214.246,36.221,179.795,0.9,1
396,6.6,right,403.173,212.657,38.158,3.217,0.9,1
396,6.6,left,536.246,202.712,34.018,161.768,0.9,1
397,6.616666666666666,left,573.822,217.194,17.037,160.572,0.95,0
397,6.616666666666666,right,589.507,216.867,17.356,-19.438,0.95,0
397,6.616666666666666,left,314.508,213.659,35.781,181.565,0.9,1
397,6.616666666666666,right,405.12,212.422,37.285,2.747,0.9,1
397,6.616666666666666,left,537.068,202.148,36.761,165.556,0.9,1
398,6.633333333333334,left,574.727,216.605,18.806,165.633,0.95,0
398,6.633333333333334,right,588.887,216.889,17.642,-17.969,0.95,0
398,6.633333333333334,left,316.84,212.753,36.806,184.085,0.9,1
398,6.633333333333334,right,407.542,212.493,36.909,1.313,0.9,1
398,6.633333333333334,left,536.588,203.524,36.535,168.003,0.9,1
399,6.65,left,574.629,217.096,15.371,155.17,0.95,0
399,6.65,right,588.322,217.522,17.192,-15.585,0.95,0
399,6.65,left,318.579,210.968,36.442,182.567,0.9,1
399,6.65,right,408.585,213.359,36.682,1.734,0.9,1
399,6.65,left,537.803,202.508,35.415,162.035,0.9,1
399,6.65,distractor,202.226,206.655,10.856,61.216,0.35,1
400,6.666666666666667,left,576.932,216.999,20.523,162.642,0.95,0
400,6.666666666666667,right,588.226,218.073,17.273,-16.299,0.95,0
400,6.666666666666667,left,320.038,212.968,36.22,182.661,0.9,1
400,6.666666666666667,right,410.799,212.974,37.861,4.095,0.9,1
400,6.666666666666667,left,538.49,202.86,36.65,162.981,0.9,1
401,6.683333333333334,left,577.55,216.339,17.913,168.668,0.95,0
401,6.683333333333334,right,586.778,218.195,16.794,-14.235,0.95,0
401,6.683333333333334,left,321.959,213.073,37.761,184.435,0.9,1
401,6.683333333333334,right,412.538,213.459,36.472,0.724,0.9,1
401,6.683333333333334,left,538.349,203.618,34.266,164.571,0.9,1
402,6.7,left,578.331,216.775,20.602,163.039,0.95,0
402,6.7,right,587.102,218.447,18.691,-14.854,0.95,0
402,6.7,left,322.704,213.889,36.719,182.833,0.9,1
402,6.7,right,415.108,212.1,35.721,-0.949,0.9,1
402,6.7,left,538.283,202.648,34.497,166.176,0.9,1
403,6.716666666666667,left,577.223,216.609,19.015,157.262,0.95,0
403,6.716666666666667,right,586.689,217.729,18.326,-15.583,0.95,0
403,6.716666666666667,left,325.236,213.609,35.593,183.974,0.9,1
403,6.716666666666667,right,417.227,213.293,37.258,0.623,0.9,1
403,6.716666666666667,left,539.501,203.688,35.834,163.859,0.9,1
404,6.733333333333333,left,579.517,216.774,18.64,162.992,0.95,0
404,6.733333333333333,right,586.34,218.296,16.745,-16.781,0.95,0
404,6.733333333333333,left,326.629,212.045,37.728,180.969,0.9,1
404,6.733333333333333,right,418.318,212.258,36.373,-0.079,0.9,1
404,6.733333333333333,left,540.808,201.998,33.736,164.964,0.9,1
405,6.75,left,579.803,217.407,18.809,159.556,0.95,0
405,6.75,left,327.409,213.499,37.613,181.543,0.9,1
405,6.75,right,419.663,212.969,37.396,-0.792,0.9,1
405,6.75,left,540.663,203.336,35.759,164.343,0.9,1
406,6.766666666666667,left,580.862,216.585,18.423,164.77,0.95,0
406,6.766666666666667,left,329.644,213.786,35.331,183.061,0.9,1
406,6.766666666666667,right,421.555,212.305,38.466,0.604,0.9,1
406,6.766666666666667,left,541.08,203.806,33.901,162.68,0.9,1
406,6.766666666666667,distractor,144.52,62.458,14.971,69.727,0.35,0
407,6.783333333333333,left,579.988,217.337,18.723,161.871,0.95,0
407,6.783333333333333,left,332.245,213.698,37.605,182.493,0.9,1
407,6.783333333333333,right,423.316,213.049,36.106,-0.678,0.9,1
407,6.783333333333333,left,541.986,203.312,36.322,166.836,0.9,1
408,6.8,left,580.482,217.495,19.51,170.23,0.95,0
408,6.8,left,332.141,212.58,36.11,180.905,0.9,1
408,6.8,right,424.856,212.139,36.726,-1.885,0.9,1
408,6.8,left,542.442,203.128,35.53,165.238,0.9,1
409,6.816666666666666,left,580.427,217.502,17.66,166.592,0.95,0
409,6.816666666666666,left,334.831,213.368,34.469,179.789,0.9,1
409,6.816666666666666,right,426.742,213.186,37.062,-1.52,0.9,1
409,6.816666666666666,left,541.835,203.482,32.912,163.307,0.9,1
410,6.833333333333333,left,580.104,217.616,21.417,160.48,0.95,0
410,6.833333333333333,left,337.809,214.219,37.194,177.976,0.9,1
410,6.833333333333333,right,427.73,213.004,35.556,-2.244,0.9,1
410,6.833333333333333,left,542.146,202.197,32.226,163.847,0.9,1
410,6.833333333333333,right,228.559,203.986,31.046,15.281,0.9,1
411,6.85,left,580.109,216.819,17.466,162.257,0.95,0
411,6.85,left,338.633,213.093,34.827,182.426,0.9,1
411,6.85,right,431.192,213.625,37.69,-1.947,0.9,1
411,6.85,left,543.052,203.012,33.406,165.984,0.9,1
411,6.85,right,228.986,204.628,33.049,16.762,0.9,1
412,6.866666666666666,left,580.292,218.369,18.008,158.203,0.95,0
412,6.866666666666666,left,339.902,213.578,36.485,180.226,0.9,1
412,6.866666666666666,right,431.78,212.357,34.995,-2.805,0.9,1
412,6.866666666666666,left,543.106,203.798,34.985,166.84,0.9,1
412,6.866666666666666,right,230.549,204.388,32.679,17.364,0.9,1
413,6.883333333333334,distractor,98.604,90.273,8.54,98.874,0.35,1
414,6.9,left,579.31,218.528,18.09,160.026,0.95,0
414,6.9,left,342.614,212.449,35.988,180.548,0.9,1
414,6.9,right,434.918,213.0,34.952,-2.86,0.9,1
414,6.9,left,544.455,205.003,33.959,159.864,0.9,1
414,6.9,right,229.476,204.302,34.244,15.433,0.9,1
415,6.916666666666667,left,579.092,217.135,16.255,162.567,0.95,0
415,6.916666666666667,left,345.304,212.215,34.757,179.307,0.9,1
415,6.916666666666667,right,436.322,212.411,37.39,0.854,0.9,1
415,6.916666666666667,left,545.448,204.464,33.702,161.964,0.9,1
415,6.916666666666667,right,230.99,203.558,32.295,16.993,0.9,1
416,6.933333333333334,left,577.954,217.289,17.327,165.415,0.95,0
416,6.933333333333334,left,347.667,213.279,38.938,179.923,0.9,1
416,6.933333333333334,right,438.634,213.8,37.957,-0.738,0.9,1
416,6.933333333333334,right,231.565,204.307,33.628,13.889,0.9,1
417,6.95,left,578.172,218.523,17.064,162.061,0.95,0
417,6.95,left,349.115,213.303,37.186,179.838,0.9,1
417,6.95,right,441.53,213.013,34.392,-1.142,0.9,1
417,6.95,right,230.321,204.204,32.549,15.55,0.9,1
418,6.966666666666667,left,577.98,218.677,18.421,169.06,0.95,0
418,6.966666666666667,left,350.096,213.139,37.522,181.474,0.9,1
418,6.966666666666667,right,442.992,212.219,34.232,-4.509,0.9,1
418,6.966666666666667,right,231.919,203.695,33.731,15.144,0.9,1
419,6.983333333333333,left,352.947,212.418,35.612,180.775,0.9,1
419,6.983333333333333,right,444.853,213.795,38.734,0.201,0.9,1
419,6.983333333333333,right,232.407,203.28,34.819,18.044,0.9,1
420,7.0,left,354.736,214.268,36.728,179.031,0.9,1
420,7.0,right,445.569,212.51,35.245,-1.089,0.9,1
420,7.0,right,233.314,203.503,32.758,15.829,0.9,1
420,7.0,distractor,46.701,271.251,8.56,83.046,0.35,0
421,7.016666666666667,right,242.227,232.071,20.44,16.138,0.92,0
421,7.016666666666667,left,355.483,213.692,36.056,176.941,0.9,1
421,7.016666666666667,right,448.448,212.127,37.181,-0.794,0.9,1
421,7.016666666666667,right,232.894,203.072,31.969,18.01,0.9,1
422,7.033333333333333,right,242.891,232.033,22.374,14.902,0.92,0
422,7.033333333333333,left,359.164,213.418,35.76,179.256,0.9,1
422,7.033333333333333,right,449.337,213.01,36.47,-6.597,0.9,1
422,7.033333333333333,right,233.168,204.1,34.172,16.072,0.9,1
423,7.05,right,242.796,233.94,20.646,19.517,0.92,0
423,7.05,left,360.678,212.928,36.384,178.297,0.9,1
423,7.05,right,450.318,213.274,35.909,-2.207,0.9,1
423,7.05,right,234.554,203.449,35.753,18.128,0.9,1
424,7.066666666666666,right,243.551,232.484,20.475,16.402,0.92,0
424,7.066666666666666,left,362.349,212.785,36.113,177.768,0.9,1
424,7.066666666666666,right,452.919,211.776,36.832,-5.848,0.9,1
424,7.066666666666666,right,234.091,203.412,34.016,13.446,0.9,1
425,7.083333333333333,right,243.8,233.267,18.927,17.639,0.92,0
425,7.083333333333333,left,362.922,212.765,36.558,179.021,0.9,1
425,7.083333333333333,right,454.511,212.696,37.191,-3.704,0.9,1
425,7.083333333333333,right,235.601,203.421,35.392,17.056,0.9,1
426,7.1,right,243.538,230.918,23.053,10.966,0.92,0
426,7.1,left,365.822,212.729,35.194,175.091,0.9,1
426,7.1,right,456.284,213.333,36.251,-3.134,0.9,1
426,7.1,right,236.132,203.492,32.118,18.905,0.9,1
427,7.116666666666666,distractor,480.428,305.037,12.749,71.008,0.35,0
428,7.133333333333334,right,244.985,231.403,21.447,17.662,0.92,0
428,7.133333333333334,left,368.865,212.078,35.089,176.227,0.9,1
428,7.133333333333334,right,459.133,213.026,37.4,-2.957,0.9,1
428,7.133333333333334,right,236.665,203.817,33.64,13.384,0.9,1
429,7.15,right,244.104,232.055,21.248,11.943,0.92,0
429,7.15,left,370.772,212.84,35.893,178.306,0.9,1
429,7.15,right,461.133,213.619,34.19,-4.48,0.9,1
429,7.15,right,237.955,204.573,36.962,15.62,0.9,1
430,7.166666666666667,right,243.851,233.09,21.417,14.378,0.92,0
430,7.166666666666667,left,372.854,211.754,36.705,176.475,0.9,1
430,7.166666666666667,right,462.215,213.568,38.485,-5.124,0.9,1
430,7.166666666666667,right,237.541,202.941,35.248,14.57,0.9,1
431,7.183333333333334,right,246.094,231.631,21.203,15.217,0.92,0
431,7.183333333333334,left,374.84,212.644,37.023,178.722,0.9,1
431,7.183333333333334,right,464.498,212.829,36.027,-6.917,0.9,1
431,7.183333333333334,right,239.568,202.706,34.216,15.93,0.9,1
432,7.2,right,246.426,232.81,22.107,14.476,0.92,0
432,7.2,left,377.463,212.461,38.175,177.035,0.9,1
432,7.2,right,465.087,213.366,35.692,-6.099,0.9,1
432,7.2,right,240.001,202.853,34.29,18.664,0.9,1
433,7.216666666666667,right,246.863,232.299,21.277,16.607,0.92,0
433,7.216666666666667,left,378.914,212.421,37.459,177.962,0.9,1
433,7.216666666666667,right,466.533,212.693,37.973,-7.542,0.9,1
433,7.216666666666667,right,240.38,203.045,35.107,14.672,0.9,1
434,7.233333333333333,left,379.786,211.823,37.914,176.344,0.9,1
434,7.233333333333333,right,468.129,212.728,37.514,-3.987,0.9,1
434,7.233333333333333,right,241.261,202.295,35.543,15.121,0.9,1
434,7.233333333333333,distractor,413.706,413.866,11.838,83.812,0.35,1
435,7.25,left,382.349,213.084,36.571,177.393,0.9,1
435,7.25,right,469.196,213.633,36.004,-8.271,0.9,1
435,7.25,right,241.425,202.168,33.489,12.186,0.9,1
436,7.266666666666667,left,383.206,213.458,37.249,178.325,0.9,1
436,7.266666666666667,right,471.673,213.383,35.399,-5.717,0.9,1
436,7.266666666666667,left,236.834,206.469,29.584,192.568,0.9,1
436,7.266666666666667,right,242.413,201.641,34.202,13.371,0.9,1
437,7.283333333333333,left,234.965,233.13,20.42,199.47,0.92,0
437,7.283333333333333,left,384.533,212.756,36.237,173.406,0.9,1
437,7.283333333333333,right,473.724,213.258,36.872,-8.69,0.9,1
437,7.283333333333333,left,236.062,206.245,29.53,194.049,0.9,1
437,7.283333333333333,right,242.677,202.918,36.011,16.363,0.9,1
440,7.333333333333333,left,232.859,232.646,19.241,191.713,0.92,0
440,7.333333333333333,left,390.674,212.966,36.215,174.269,0.9,1
440,7.333333333333333,right,476.245,213.135,37.664,-3.426,0.9,1
440,7.333333333333333,left,236.289,205.771,32.247,192.985,0.9,1
440,7.333333333333333,right,245.009,202.36,35.282,16.705,0.9,1
441,7.35,left,233.607,232.617,21.105,191.383,0.92,0
441,7.35,left,393.011,212.292,37.402,174.931,0.9,1
441,7.35,right,478.743,213.688,35.649,-7.546,0.9,1
441,7.35,left,236.148,205.782,31.574,193.178,0.9,1
441,7.35,right,245.974,202.201,35.068,15.909,0.9,1
441,7.35,distractor,486.231,131.302,5.166,92.469,0.35,1
442,7.366666666666666,left,232.715,232.612,19.394,189.454,0.92,0
442,7.366666666666666,left,394.86,212.813,35.585,173.576,0.9,1
442,7.366666666666666,right,479.922,213.488,35.557,-4.607,0.9,1
442,7.366666666666666,left,234.815,204.783,33.024,198.428,0.9,1
442,7.366666666666666,right,247.812,202.584,32.959,15.865,0.9,1
443,7.383333333333334,left,233.9,232.848,20.68,194.447,0.92,0
443,7.383333333333334,left,396.647,211.851,36.257,173.434,0.9,1
443,7.383333333333334,right,481.72,214.034,34.723,-7.901,0.9,1
443,7.383333333333334,left,235.703,205.902,31.589,192.665,0.9,1
443,7.383333333333334,right,247.998,202.736,35.605,12.415,0.9,1
444,7.4,left,233.176,232.742,20.369,196.866,0.92,0
444,7.4,left,398.803,211.987,35.885,175.58,0.9,1
444,7.4,right,483.485,213.139,36.685,-3.763,0.9,1
444,7.4,left,235.947,205.413,32.819,196.107,0.9,1
444,7.4,right,249.592,202.037,34.332,15.418,0.9,1
445,7.416666666666667,left,232.353,232.806,21.581,195.834,0.92,0
445,7.416666666666667,left,399.824,213.444,36.968,175.487,0.9,1
445,7.416666666666667,right,485.273,213.927,36.636,-8.585,0.9,1
445,7.416666666666667,left,235.253,205.889,34.151,190.637,0.9,1
445,7.416666666666667,right,250.931,202.895,35.374,14.568,0.9,1
446,7.433333333333334,left,232.205,231.531,21.128,189.12,0.92,0
446,7.433333333333334,left,402.244,213.196,37.821,173.367,0.9,1
446,7.433333333333334,right,485.539,213.094,37.14,-4.547,0.9,1
446,7.433333333333334,left,235.25,204.407,32.456,191.557,0.9,1
446,7.433333333333334,right,250.526,202.12,36.788,12.372,0.9,1
447,7.45,left,232.062,232.323,20.937,199.442,0.92,0
447,7.45,left,403.876,212.685,35.413,173.653,0.9,1
447,7.45,right,487.503,213.037,36.343,-7.458,0.9,1
447,7.45,left,235.545,205.528,32.381,198.988,0.9,1
447,7.45,right,252.108,202.179,35.755,12.197,0.9,1
448,7.466666666666667,left,231.757,231.6,22.068,193.845,0.92,0
448,7.466666666666667,left,405.639,212.506,38.181,172.049,0.9,1
448,7.466666666666667,right,488.928,213.005,36.569,-7.067,0.9,1
448,7.466666666666667,left,235.884,205.658,33.976,197.292,0.9,1
448,7.466666666666667,right,251.414,203.16,35.395,15.056,0.9,1
448,7.466666666666667,distractor,183.013,165.898,14.442,95.619,0.35,0
449,7.483333333333333,left,230.602,231.061,20.135,194.936,0.92,0
449,7.483333333333333,left,407.443,212.63,37.921,171.256,0.9,1
449,7.483333333333333,right,489.844,213.322,36.0,-11.212,0.9,1
449,7.483333333333333,left,235.875,205.68,31.962,195.782,0.9,1
449,7.483333333333333,right,252.992,201.768,37.227,12.787,0.9,1
450,7.5,left,231.566,233.176,23.105,193.348,0.92,0
450,7.5,left,410.924,212.377,35.777,172.01,0.9,1
450,7.5,right,490.547,214.198,34.241,-7.619,0.9,1
450,7.5,left,236.501,205.254,33.618,193.306,0.9,1
450,7.5,right,254.226,201.917,34.784,13.213,0.9,1
451,7.516666666666667,left,231.12,232.728,23.26,190.875,0.92,0
451,7.516666666666667,left,411.307,212.936,38.992,171.383,0.9,1
451,7.516666666666667,right,492.009,213.001,35.947,-9.013,0.9,1
451,7.516666666666667,left,235.842,205.094,33.632,192.562,0.9,1
451,7.516666666666667,right,254.862,201.61,35.868,16.725,0.9,1
452,7.533333333333333,left,231.497,232.297,20.548,192.892,0.92,0
452,7.533333333333333,left,412.955,212.496,35.697,175.085,0.9,1
452,7.533333333333333,right,494.536,213.91,37.229,-7.838,0.9,1
452,7.533333333333333,left,235.491,204.909,30.203,194.193,0.9,1
452,7.533333333333333,right,256.626,201.726,35.414,14.278,0.9,1
453,7.55,left,415.628,213.065,36.436,171.153,0.9,1
453,7.55,right,495.241,212.688,35.796,-5.405,0.9,1
453,7.55,left,236.355,204.27,34.47,193.659,0.9,1
453,7.55,right,257.943,202.343,34.66,12.591,0.9,1
454,7.566666666666666,left,417.385,211.931,36.971,171.737,0.9,1
454,7.566666666666666,right,496.216,213.881,35.647,-9.31,0.9,1
454,7.566666666666666,left,236.116,205.2,32.563,191.262,0.9,1
454,7.566666666666666,right,256.787,200.981,34.989,17.548,0.9,1
455,7.583333333333333,left,418.973,211.932,36.412,171.391,0.9,1
455,7.583333333333333,right,497.724,214.374,36.116,-8.463,0.9,1
455,7.583333333333333,left,236.905,205.481,34.184,194.161,0.9,1
455,7.583333333333333,right,259.545,201.919,37.786,14.262,0.9,1
455,7.583333333333333,distractor,350.73,300.085,14.613,90.843,0.35,1
456,7.6,left,420.352,212.111,36.01,173.939,0.9,1
456,7.6,right,498.774,213.362,36.867,-7.556,0.9,1
456,7.6,left,235.873,204.592,33.132,198.019,0.9,1
456,7.6,right,261.094,201.437,35.311,16.027,0.9,1
457,7.616666666666666,left,421.466,212.663,37.162,170.882,0.9,1
457,7.616666666666666,right,500.813,214.478,34.889,-5.929,0.9,1
457,7.616666666666666,left,237.508,205.845,32.679,194.404,0.9,1
457,7.616666666666666,right,261.556,200.986,37.078,15.278,0.9,1
458,7.633333333333334,left,423.432,212.832,37.487,173.038,0.9,1
458,7.633333333333334,right,501.222,213.638,36.131,-9.319,0.9,1
458,7.633333333333334,left,236.647,205.006,30.213,192.12,0.9,1
458,7.633333333333334,right,263.004,201.504,34.931,12.061,0.9,1
459,7.65,left,425.694,213.368,36.657,171.093,0.9,1
459,7.65,right,502.743,213.725,35.201,-8.157,0.9,1
459,7.65,left,237.186,204.162,34.536,193.956,0.9,1
459,7.65,right,262.924,201.504,36.295,13.839,0.9,1
460,7.666666666666667,left,427.106,212.188,36.107,172.44,0.9,1
460,7.666666666666667,right,503.991,214.646,34.703,-9.595,0.9,1
460,7.666666666666667,left,237.6,205.045,32.035,196.086,0.9,1
460,7.666666666666667,right,264.159,200.935,37.238,13.793,0.9,1
461,7.683333333333334,left,428.88,212.826,36.377,172.555,0.9,1
461,7.683333333333334,right,503.765,214.555,36.223,-8.695,0.9,1
461,7.683333333333334,left,238.246,204.523,31.885,193.694,0.9,1
461,7.683333333333334,right,265.917,201.482,36.78,12.002,0.9,1
462,7.7,left,430.26,212.927,37.238,173.375,0.9,1
462,7.7,right,505.325,213.706,35.008,-6.807,0.9,1
462,7.7,left,237.98,205.014,34.282,192.072,0.9,1
462,7.7,right,267.593,201.204,35.447,14.268,0.9,1
462,7.7,distractor,227.614,248.18,12.431,63.375,0.35,0
463,7.716666666666667,left,432.54,212.228,36.743,169.528,0.9,1
463,7.716666666666667,right,507.347,214.032,37.386,-8.27,0.9,1
463,7.716666666666667,left,238.727,203.822,32.798,192.753,0.9,1
463,7.716666666666667,right,267.914,200.458,36.932,15.975,0.9,1
464,7.733333333333333,left,433.681,213.853,34.91,171.883,0.9,1
464,7.733333333333333,right,508.392,214.478,36.958,-10.863,0.9,1
464,7.733333333333333,left,238.842,204.31,32.795,197.407,0.9,1
464,7.733333333333333,right,270.105,201.376,36.799,14.82,0.9,1
465,7.75,left,436.762,212.583,38.812,170.56,0.9,1
465,7.75,right,509.36,213.808,34.333,-9.872,0.9,1
465,7.75,left,239.146,204.005,33.33,195.901,0.9,1
465,7.75,right,271.458,200.066,36.047,14.942,0.9,1
466,7.766666666666667,left,438.014,214.14,37.389,169.522,0.9,1
466,7.766666666666667,right,509.9,214.927,37.293,-6.334,0.9,1
466,7.766666666666667,left,239.798,204.905,33.209,195.066,0.9,1
466,7.766666666666667,right,272.35,200.514,36.128,15.75,0.9,1
467,7.783333333333333,left,440.087,212.567,38.044,171.707,0.9,1
467,7.783333333333333,right,511.619,214.131,34.684,-10.891,0.9,1
467,7.783333333333333,left,238.344,205.025,35.29,197.262,0.9,1
467,7.783333333333333,right,273.157,200.035,35.903,13.74,0.9,1
468,7.8,left,441.548,212.376,37.787,173.87,0.9,1
468,7.8,right,511.706,214.968,37.488,-10.544,0.9,1
468,7.8,left,239.016,204.957,32.871,192.355,0.9,1
468,7.8,right,274.526,200.78,36.286,10.275,0.9,1
469,7.816666666666666,left,443.299,212.624,35.833,167.127,0.9,1
469,7.816666666666666,right,513.976,213.939,35.85,-10.511,0.9,1
469,7.816666666666666,left,239.787,203.282,34.235,195.789,0.9,1
469,7.816666666666666,right,276.967,201.18,36.029,16.862,0.9,1
469,7.816666666666666,distractor,394.158,137.123,5.583,73.31,0.35,0
470,7.833333333333333,left,444.13,212.763,35.838,171.955,0.9,1
470,7.833333333333333,right,513.172,214.44,35.672,-8.374,0.9,1
470,7.833333333333333,left,240.612,203.282,34.685,195.583,0.9,1
470,7.833333333333333,right,277.899,200.515,35.468,13.109,0.9,1
471,7.85,left,445.906,212.137,36.991,168.249,0.9,1
471,7.85,right,515.79,214.773,36.436,-9.295,0.9,1
471,7.85,left,241.331,204.178,31.113,192.808,0.9,1
471,7.85,right,278.969,200.6,35.721,11.19,0.9,1
472,7.866666666666666,left,448.258,214.288,38.388,172.508,0.9,1
472,7.866666666666666,right,515.213,214.263,34.979,-12.611,0.9,1
472,7.866666666666666,left,241.768,203.079,35.85,192.788,0.9,1
472,7.866666666666666,right,279.734,200.478,36.727,11.368,0.9,1
473,7.883333333333334,left,449.78,212.873,36.057,174.548,0.9,1
473,7.883333333333334,right,517.027,213.737,36.008,-13.011,0.9,1
473,7.883333333333334,left,241.646,202.979,33.215,194.376,0.9,1
473,7.883333333333334,right,282.524,200.683,36.563,14.161,0.9,1
474,7.9,left,451.401,213.388,36.398,169.07,0.9,1
474,7.9,right,517.646,215.193,33.806,-7.555,0.9,1
474,7.9,left,242.665,203.571,33.318,193.989,0.9,1
474,7.9,right,283.196,199.48,37.007,13.112,0.9,1
475,7.916666666666667,left,452.865,212.967,37.459,168.045,0.9,1
475,7.916666666666667,right,519.14,214.542,35.266,-9.837,0.9,1
475,7.916666666666667,left,242.699,202.432,33.243,191.981,0.9,1
475,7.916666666666667,right,284.874,200.342,36.68,14.011,0.9,1
476,7.933333333333334,left,454.602,213.486,38.29,170.564,0.9,1
476,7.933333333333334,right,519.081,213.385,35.189,-10.952,0.9,1
476,7.933333333333334,left,244.219,204.127,34.063,193.18,0.9,1
476,7.933333333333334,right,286.005,201.07,36.569,17.714,0.9,1
476,7.933333333333334,distractor,567.793,402.418,8.991,118.57,0.35,0
477,7.95,left,455.779,212.987,40.707,170.5,0.9,1
477,7.95,right,520.174,215.214,35.871,-8.442,0.9,1
477,7.95,left,244.378,203.523,33.082,194.927,0.9,1
477,7.95,right,287.136,199.815,35.084,15.998,0.9,1
478,7.966666666666667,left,458.441,212.032,36.194,170.397,0.9,1
478,7.966666666666667,right,521.538,214.131,34.5,-11.184,0.9,1
478,7.966666666666667,left,245.776,203.516,35.557,191.164,0.9,1
478,7.966666666666667,right,288.256,200.066,35.735,11.109,0.9,1
479,7.983333333333333,left,460.106,212.058,37.466,166.795,0.9,1
479,7.983333333333333,right,522.866,214.614,36.538,-10.065,0.9,1
479,7.983333333333333,left,245.409,203.282,33.522,191.315,0.9,1
479,7.983333333333333,right,289.553,200.85,35.914,13.971,0.9,1
480,8.0,left,462.092,212.953,36.761,169.984,0.9,1
480,8.0,right,523.774,214.46,35.636,-18.189,0.9,1
480,8.0,left,245.884,202.487,35.116,191.537,0.9,1
480,8.0,right,292.64,199.309,36.063,15.948,0.9,1
481,8.016666666666667,left,462.796,213.093,37.133,170.158,0.9,1
481,8.016666666666667,right,524.256,213.708,34.711,-11.029,0.9,1
481,8.016666666666667,left,247.483,202.698,35.04,193.818,0.9,1
481,8.016666666666667,right,292.558,199.126,34.634,11.867,0.9,1
482,8.033333333333333,left,464.619,212.285,35.736,168.832,0.9,1
482,8.033333333333333,right,524.873,214.709,34.216,-11.002,0.9,1
482,8.033333333333333,left,247.216,202.888,34.319,192.08,0.9,1
482,8.033333333333333,right,294.768,199.767,36.019,13.208,0.9,1
483,8.05,left,465.678,213.232,35.89,168.395,0.9,1
483,8.05,right,525.35,215.708,33.574,-12.712,0.9,1
483,8.05,left,247.094,203.442,33.503,194.381,0.9,1
483,8.05,right,296.498,200.498,37.086,14.737,0.9,1
483,8.05,distractor,355.722,150.305,13.612,82.484,0.35,1
484,8.066666666666666,left,468.344,213.263,37.185,166.273,0.9,1
484,8.066666666666666,right,525.669,214.312,34.811,-14.365,0.9,1
484,8.066666666666666,left,249.051,202.819,37.256,191.923,0.9,1
484,8.066666666666666,right,298.006,199.492,37.41,11.998,0.9,1
485,8.083333333333334,left,469.538,212.651,38.279,167.13,0.9,1
485,8.083333333333334,right,525.884,214.408,36.191,-11.585,0.9,1
485,8.083333333333334,left,248.498,203.588,33.083,192.326,0.9,1
485,8.083333333333334,right,299.411,199.197,36.535,10.961,0.9,1
486,8.1,left,469.86,213.174,38.782,170.362,0.9,1
486,8.1,right,528.229,215.14,36.363,-9.171,0.9,1
486,8.1,left,249.161,202.151,31.244,191.85,0.9,1
486,8.1,right,300.6,200.554,36.37,12.14,0.9,1
487,8.116666666666667,left,472.456,213.076,35.923,167.107,0.9,1
487,8.116666666666667,right,529.757,214.93,34.957,-13.202,0.9,1
487,8.116666666666667,left,249.287,202.08,33.009,193.533,0.9,1
487,8.116666666666667,right,302.586,199.849,35.488,9.303,0.9,1
488,8.133333333333333,left,474.465,213.261,36.867,166.867,0.9,1
488,8.133333333333333,right,529.894,214.33,35.067,-12.007,0.9,1
488,8.133333333333333,left,250.648,203.123,32.533,187.978,0.9,1
488,8.133333333333333,right,303.08,199.883,36.554,11.671,0.9,1
489,8.15,left,475.321,212.991,38.444,169.629,0.9,1
489,8.15,right,529.757,215.346,35.399,-10.636,0.9,1
489,8.15,left,251.775,202.012,35.162,191.422,0.9,1
489,8.15,right,306.266,199.021,34.896,16.54,0.9,1
490,8.166666666666666,left,477.627,213.078,37.582,169.664,0.9,1
490,8.166666666666666,right,530.716,214.533,34.747,-13.58,0.9,1
490,8.166666666666666,left,252.91,203.076,32.939,191.812,0.9,1
490,8.166666666666666,right,307.977,199.732,36.741,9.613,0.9,1
490,8.166666666666666,distractor,399.467,259.518,9.741,107.318,0.35,1
491,8.183333333333334,right,189.775,223.086,23.448,15.076,0.92,0
491,8.183333333333334,left,477.814,213.75,38.592,166.14,0.9,1
491,8.183333333333334,right,530.182,214.729,35.272,-12.914,0.9,1
491,8.183333333333334,left,252.76,202.218,34.99,192.197,0.9,1
491,8.183333333333334,right,308.77,198.873,35.31,6.288,0.9,1
492,8.2,right,190.037,223.783,22.922,13.82,0.92,0
492,8.2,left,479.546,213.563,35.445,166.349,0.9,1
492,8.2,right,531.358,213.505,33.841,-13.211,0.9,1
492,8.2,left,253.998,202.139,34.789,193.811,0.9,1
492,8.2,right,309.931,199.767,37.519,9.569,0.9,1
493,8.216666666666667,right,189.906,222.353,21.618,14.05,0.92,0
493,8.216666666666667,left,480.139,213.301,36.442,168.852,0.9,1
493,8.216666666666667,right,531.467,214.39,33.891,-14.092,0.9,1
493,8.216666666666667,left,254.372,202.165,31.818,189.621,0.9,1
493,8.216666666666667,right,311.921,198.376,37.205,12.236,0.9,1
494,8.233333333333333,right,188.555,222.963,20.481,13.471,0.92,0
494,8.233333333333333,left,482.717,213.797,35.842,169.3,0.9,1
494,8.233333333333333,right,532.815,215.816,36.162,-14.808,0.9,1
494,8.233333333333333,left,255.925,202.245,34.894,193.513,0.9,1
494,8.233333333333333,right,314.106,199.841,37.856,10.638,0.9,1
495,8.25,right,187.752,222.974,22.351,13.631,0.92,0
495,8.25,left,483.961,214.015,36.899,171.231,0.9,1
495,8.25,right,533.659,215.193,35.616,-13.61,0.9,1
495,8.25,left,255.969,201.351,34.262,191.433,0.9,1
495,8.25,right,315.142,199.226,36.918,8.995,0.9,1
496,8.266666666666667,right,188.089,222.881,23.562,14.638,0.92,0
496,8.266666666666667,left,485.059,213.339,37.699,169.054,0.9,1
496,8.266666666666667,right,533.759,215.6,34.37,-11.781,0.9,1
496,8.266666666666667,left,257.527,202.305,35.943,193.659,0.9,1
496,8.266666666666667,right,315.732,199.226,38.954,12.647,0.9,1
497,8.283333333333333,right,187.934,222.917,24.411,11.897,0.92,0
497,8.283333333333333,left,487.304,213.4,35.196,169.413,0.9,1
497,8.283333333333333,right,533.957,213.796,33.747,-11.735,0.9,1
497,8.283333333333333,left,257.295,201.23,35.385,192.041,0.9,1
497,8.283333333333333,right,318.68,200.067,39.432,12.018,0.9,1
497,8.283333333333333,distractor,138.983,291.207,6.538,113.628,0.35,1
498,8.3,right,187.074,222.77,25.131,8.892,0.92,0
498,8.3,left,486.652,213.141,37.605,165.865,0.9,1
498,8.3,right,534.758,215.855,34.529,-16.407,0.9,1
498,8.3,left,257.883,202.207,36.426,188.998,0.9,1
498,8.3,right,320.272,198.699,36.421,12.063,0.9,1
499,8.316666666666666,right,186.674,223.727,23.953,9.209,0.92,0
499,8.316666666666666,left,489.302,213.392,37.034,168.165,0.9,1
499,8.316666666666666,right,534.761,215.418,32.097,-12.247,0.9,1
499,8.316666666666666,left,259.862,201.732,35.524,191.845,0.9,1
499,8.316666666666666,right,320.851,198.401,36.254,12.788,0.9,1
500,8.333333333333334,right,185.467,223.799,24.81,16.217,0.92,0
500,8.333333333333334,left,490.858,213.688,35.816,168.386,0.9,1
500,8.333333333333334,right,536.331,215.353,36.155,-14.183,0.9,1
500,8.333333333333334,left,260.167,202.505,34.768,192.189,0.9,1
500,8.333333333333334,right,323.912,198.986,36.339,9.313,0.9,1
501,8.35,right,186.27,222.034,21.91,15.796,0.92,0
501,8.35,left,490.96,213.309,36.548,169.571,0.9,1
501,8.35,right,536.011,214.355,31.344,-14.955,0.9,1
501,8.35,left,261.943,201.827,35.601,192.568,0.9,1
501,8.35,right,325.574,198.994,37.478,9.698,0.9,1
502,8.366666666666667,right,185.499,223.085,24.921,15.723,0.92,0
502,8.366666666666667,left,493.67,213.594,36.757,167.725,0.9,1
502,8.366666666666667,right,535.509,216.234,36.623,-15.987,0.9,1
502,8.366666666666667,left,262.591,201.999,36.239,190.591,0.9,1
502,8.366666666666667,right,326.3,199.19,37.464,12.049,0.9,1
503,8.383333333333333,right,186.258,221.616,24.033,16.89,0.92,0
503,8.383333333333333,left,495.44,212.961,37.415,166.772,0.9,1
503,8.383333333333333,right,536.883,216.045,35.432,-14.732,0.9,1
503,8.383333333333333,left,263.581,201.545,35.15,192.911,0.9,1
503,8.383333333333333,right,327.877,199.132,35.766,10.463,0.9,1
504,8.4,right,184.433,223.27,22.946,20.14,0.92,0
504,8.4,left,495.289,214.046,36.942,169.721,0.9,1
504,8.4,right,537.261,215.896,34.389,-13.516,0.9,1
504,8.4,left,264.635,201.786,33.955,193.928,0.9,1
504,8.4,right,330.814,199.739,36.196,8.42,0.9,1
504,8.4,distractor,501.977,374.024,12.023,107.722,0.35,0
505,8.416666666666666,right,184.777,222.417,21.881,17.99,0.92,0
505,8.416666666666666,left,497.33,213.075,38.841,167.627,0.9,1
505,8.416666666666666,right,537.932,216.253,34.243,-11.97,0.9,1
505,8.416666666666666,left,266.102,201.219,37.38,189.388,0.9,1
505,8.416666666666666,right,332.567,198.914,37.619,6.351,0.9,1
506,8.433333333333334,right,183.98,222.749,24.985,14.911,0.92,0
506,8.433333333333334,left,497.938,212.579,38.978,164.937,0.9,1
506,8.433333333333334,right,538.714,215.471,34.228,-16.42,0.9,1
506,8.433333333333334,left,266.908,201.494,35.239,191.598,0.9,1
506,8.433333333333334,right,335.091,198.723,39.401,8.847,0.9,1
507,8.45,right,183.963,222.685,23.997,14.952,0.92,0
507,8.45,left,500.467,213.636,35.971,166.497,0.9,1
507,8.45,right,538.317,215.572,35.245,-14.899,0.9,1
507,8.45,left,267.387,201.861,36.208,192.097,0.9,1
507,8.45,right,335.338,198.246,36.502,7.599,0.9,1
508,8.466666666666667,right,184.571,221.944,24.05,14.186,0.92,0
508,8.466666666666667,left,501.408,214.936,36.237,170.059,0.9,1
508,8.466666666666667,right,538.202,215.845,32.986,-17.372,0.9,1
508,8.466666666666667,left,268.887,201.097,33.443,187.069,0.9,1
508,8.466666666666667,right,338.056,199.271,37.38,10.945,0.9,1
509,8.483333333333333,right,184.807,222.609,24.525,17.382,0.92,0
509,8.483333333333333,left,501.922,214.225,35.118,164.029,0.9,1
509,8.483333333333333,right,538.508,215.192,33.392,-15.326,0.9,1
509,8.483333333333333,left,270.852,201.791,34.729,190.505,0.9,1
509,8.483333333333333,right,338.215,199.846,38.672,7.274,0.9,1
511,8.516666666666667,right,185.57,221.903,24.921,20.895,0.92,0
511,8.516666666666667,left,503.703,213.016,37.3,165.576,0.9,1
511,8.516666666666667,right,538.961,215.468,32.65,-11.639,0.9,1
511,8.516666666666667,left,272.462,201.527,35.616,190.608,0.9,1
511,8.516666666666667,right,343.776,198.848,38.49,9.336,0.9,1
511,8.516666666666667,distractor,78.84,189.118,12.31,68.278,0.35,0
512,8.533333333333333,right,185.997,221.066,24.993,20.207,0.92,0
512,8.533333333333333,left,505.732,212.873,37.17,166.404,0.9,1
512,8.533333333333333,right,538.637,216.451,33.488,-14.831,0.9,1
512,8.533333333333333,left,273.018,201.603,34.908,190.206,0.9,1
512,8.533333333333333,right,345.205,198.748,38.406,9.037,0.9,1
513,8.55,right,184.547,219.755,26.643,13.099,0.92,0
513,8.55,left,506.233,213.888,37.264,167.034,0.9,1
513,8.55,right,540.071,216.044,34.062,-12.276,0.9,1
513,8.55,left,273.605,199.684,33.835,189.504,0.9,1
513,8.55,right,347.006,199.012,37.5,11.689,0.9,1
514,8.566666666666666,left,176.327,223.393,23.122,195.379,0.92,0
514,8.566666666666666,right,184.98,221.442,24.421,12.7,0.92,0
514,8.566666666666666,left,507.549,215.083,36.337,166.899,0.9,1
514,8.566666666666666,right,539.901,215.805,33.45,-10.623,0.9,1
514,8.566666666666666,left,274.924,201.374,34.034,189.701,0.9,1
514,8.566666666666666,right,349.162,198.699,35.025,8.731,0.9,1
516,8.6,left,172.966,223.05,23.839,191.674,0.92,0
516,8.6,right,185.959,221.558,25.5,11.799,0.92,0
516,8.6,left,510.502,214.522,34.836,166.756,0.9,1
516,8.6,right,540.312,216.676,34.198,-17.888,0.9,1
516,8.6,left,277.844,200.712,33.814,189.544,0.9,1
516,8.6,right,352.174,197.858,37.909,7.737,0.9,1
517,8.616666666666667,left,171.381,222.591,24.861,195.047,0.92,0
517,8.616666666666667,right,185.876,221.107,25.786,13.415,0.92,0
517,8.616666666666667,left,511.52,213.489,35.687,164.29,0.9,1
517,8.616666666666667,right,540.68,216.322,32.168,-13.279,0.9,1
517,8.616666666666667,left,278.583,200.364,34.679,187.785,0.9,1
517,8.616666666666667,right,353.439,198.56,35.762,9.166,0.9,1
518,8.633333333333333,left,171.965,223.381,24.422,194.455,0.92,0
518,8.633333333333333,right,186.758,221.258,24.126,14.975,0.92,0
518,8.633333333333333,left,512.014,212.688,35.019,167.885,0.9,1
518,8.633333333333333,right,539.835,216.605,34.202,-11.145,0.9,1
518,8.633333333333333,left,279.823,201.396,37.024,188.88,0.9,1
518,8.633333333333333,right,356.348,199.135,35.91,9.655,0.9,1
518,8.633333333333333,distractor,609.311,47.341,7.171,110.923,0.35,1
519,8.65,left,170.387,221.999,24.343,194.364,0.92,0
519,8.65,right,187.436,221.07,25.047,17.207,0.92,0
519,8.65,left,513.434,215.03,35.586,168.052,0.9,1
519,8.65,right,541.654,215.632,33.27,-15.973,0.9,1
519,8.65,left,281.177,199.662,36.211,188.075,0.9,1
519,8.65,right,358.544,198.588,37.534,10.964,0.9,1
520,8.666666666666666,left,169.075,221.937,23.68,191.058,0.92,0
520,8.666666666666666,right,188.075,221.987,24.761,16.546,0.92,0
520,8.666666666666666,left,515.401,213.884,34.313,163.713,0.9,1
520,8.666666666666666,right,541.498,215.836,34.131,-15.304,0.9,1
520,8.666666666666666,left,282.455,201.693,34.89,187.412,0.9,1
520,8.666666666666666,right,359.279,197.838,37.881,5.36,0.9,1
521,8.683333333333334,left,168.965,222.095,24.359,197.403,0.92,0
521,8.683333333333334,right,188.487,220.575,26.609,15.065,0.92,0
521,8.683333333333334,left,514.525,213.453,35.99,161.954,0.9,1
521,8.683333333333334,right,540.473,216.945,33.095,-15.27,0.9,1
521,8.683333333333334,left,283.386,200.552,34.694,188.105,0.9,1
521,8.683333333333334,right,362.648,196.932,36.319,4.67,0.9,1
523,8.716666666666667,left,167.468,222.312,25.224,194.889,0.92,0
523,8.716666666666667,right,189.515,220.15,26.46,14.093,0.92,0
523,8.716666666666667,left,517.389,214.211,36.006,165.683,0.9,1
523,8.716666666666667,right,540.868,216.626,32.357,-17.594,0.9,1
523,8.716666666666667,left,286.662,201.432,35.732,189.671,0.9,1
523,8.716666666666667,right,366.449,197.587,36.368,6.869,0.9,1
524,8.733333333333333,left,167.464,221.974,27.095,193.012,0.92,0
524,8.733333333333333,right,189.701,221.171,26.902,14.879,0.92,0
524,8.733333333333333,left,517.628,214.682,37.643,160.659,0.9,1
524,8.733333333333333,right,542.101,216.579,33.462,-16.82,0.9,1
524,8.733333333333333,left,287.092,200.521,37.315,190.009,0.9,1
524,8.733333333333333,right,367.777,198.393,38.003,8.295,0.9,1
525,8.75,left,167.837,221.375,23.744,199.775,0.92,0
525,8.75,right,191.172,220.276,26.323,10.308,0.92,0
525,8.75,left,518.983,213.531,38.002,165.77,0.9,1
525,8.75,right,540.48,216.095,33.197,-18.094,0.9,1
525,8.75,left,288.949,200.576,37.77,187.871,0.9,1
525,8.75,right,369.485,198.468,38.272,7.383,0.9,1
525,8.75,distractor,362.125,422.217,8.806,117.789,0.35,0
526,8.766666666666667,left,165.545,222.876,22.974,193.915,0.92,0
526,8.766666666666667,right,191.088,221.599,27.214,15.181,0.92,0
526,8.766666666666667,left,519.449,213.61,35.974,167.6,0.9,1
526,8.766666666666667,right,540.733,216.261,34.071,-12.603,0.9,1
526,8.766666666666667,left,290.39,200.304,35.071,187.22,0.9,1
526,8.766666666666667,right,370.572,199.396,36.369,4.272,0.9,1
527,8.783333333333333,left,165.582,221.522,23.758,194.843,0.92,0
527,8.783333333333333,right,191.167,220.838,26.371,14.884,0.92,0
527,8.783333333333333,left,520.914,213.705,36.17,166.138,0.9,1
527,8.783333333333333,right,540.855,217.281,33.614,-12.551,0.9,1
527,8.783333333333333,left,292.142,201.651,34.777,189.814,0.9,1
527,8.783333333333333,right,373.706,198.981,38.413,6.288,0.9,1
528,8.8,left,164.848,222.953,26.084,191.972,0.92,0
528,8.8,right,191.41,221.497,26.553,12.569,0.92,0
528,8.8,left,522.214,215.162,35.199,164.307,0.9,1
528,8.8,right,540.946,217.198,33.127,-14.398,0.9,1
528,8.8,left,292.556,200.764,39.209,188.999,0.9,1
528,8.8,right,374.885,198.834,38.193,8.806,0.9,1
529,8.816666666666666,left,165.466,221.77,23.974,190.223,0.92,0
529,8.816666666666666,right,193.745,220.775,28.314,12.897,0.92,0
529,8.816666666666666,left,522.14,213.839,37.423,163.979,0.9,1
529,8.816666666666666,right,541.294,217.323,32.938,-14.874,0.9,1
529,8.816666666666666,left,293.494,200.21,36.168,184.513,0.9,1
529,8.816666666666666,right,377.15,197.0,37.483,5.482,0.9,1
530,8.833333333333334,left,163.315,221.184,27.331,195.522,0.92,0
530,8.833333333333334,right,194.965,221.754,25.565,12.736,0.92,0
530,8.833333333333334,left,523.385,213.827,34.574,164.477,0.9,1
530,8.833333333333334,right,541.37,215.811,32.583,-13.673,0.9,1
530,8.833333333333334,left,293.978,200.067,36.496,187.657,0.9,1
530,8.833333333333334,right,378.246,198.766,37.96,6.531,0.9,1
531,8.85,left,164.26,221.374,23.6,196.274,0.92,0
531,8.85,right,195.391,219.977,25.393,12.815,0.92,0
531,8.85,left,524.532,214.225,34.891,165.011,0.9,1
531,8.85,right,540.427,215.801,34.561,-17.221,0.9,1
531,8.85,left,297.631,200.016,36.684,185.734,0.9,1
531,8.85,right,381.465,197.221,38.143,8.464,0.9,1
532,8.866666666666667,left,163.046,221.016,27.424,192.461,0.92,0
532,8.866666666666667,right,195.867,220.77,27.279,9.561,0.92,0
532,8.866666666666667,left,525.631,213.73,35.524,165.506,0.9,1
532,8.866666666666667,right,541.163,216.444,31.635,-12.983,0.9,1
532,8.866666666666667,left,298.121,199.499,34.753,187.231,0.9,1
532,8.866666666666667,right,383.694,197.835,36.487,5.557,0.9,1
532,8.866666666666667,distractor,589.793,81.969,6.419,83.353,0.35,1
533,8.883333333333333,left,162.825,221.33,24.606,196.76,0.92,0
533,8.883333333333333,right,197.813,220.839,25.589,9.45,0.92,0
533,8.883333333333333,left,526.057,213.791,33.19,162.223,0.9,1
533,8.883333333333333,right,540.076,216.535,34.39,-16.326,0.9,1
533,8.883333333333333,left,298.888,199.944,36.603,188.884,0.9,1
533,8.883333333333333,right,386.4,198.209,33.652,6.814,0.9,1
534,8.9,left,163.4,221.102,26.27,191.327,0.92,0
534,8.9,right,199.008,219.927,25.183,17.837,0.92,0
534,8.9,left,526.936,214.538,36.747,161.958,0.9,1
534,8.9,right,541.023,217.481,32.149,-17.566,0.9,1
534,8.9,left,302.004,199.763,35.276,190.149,0.9,1
534,8.9,right,386.74,197.839,37.187,1.99,0.9,1
535,8.916666666666666,left,162.719,221.031,26.88,195.515,0.92,0
535,8.916666666666666,right,199.403,220.107,27.777,15.97,0.92,0
535,8.916666666666666,left,527.145,214.367,37.37,167.712,0.9,1
535,8.916666666666666,right,540.029,216.947,34.559,-16.358,0.9,1
535,8.916666666666666,left,302.211,199.295,36.29,188.565,0.9,1
535,8.916666666666666,right,388.674,197.097,37.12,4.009,0.9,1
536,8.933333333333334,left,162.372,221.415,25.016,194.878,0.92,0
536,8.933333333333334,right,200.114,220.332,28.933,11.973,0.92,0
536,8.933333333333334,left,528.63,215.186,34.758,162.808,0.9,1
536,8.933333333333334,right,540.616,215.996,31.984,-16.907,0.9,1
536,8.933333333333334,left,304.324,199.819,34.831,188.353,0.9,1
536,8.933333333333334,right,391.133,196.346,37.641,4.097,0.9,1
537,8.95,left,162.45,221.143,26.789,190.348,0.92,0
537,8.95,right,201.841,219.308,26.339,12.18,0.92,0
537,8.95,left,529.815,214.782,35.409,163.407,0.9,1
537,8.95,right,541.123,216.749,34.259,-17.997,0.9,1
537,8.95,left,305.475,199.719,35.046,183.12,0.9,1
537,8.95,right,392.554,198.368,37.267,3.134,0.9,1
538,8.966666666666667,left,162.669,221.118,25.152,190.825,0.92,0
538,8.966666666666667,right,203.48,220.14,29.433,15.502,0.92,0
538,8.966666666666667,left,530.449,215.21,34.619,166.499,0.9,1
538,8.966666666666667,left,307.003,199.826,35.72,183.689,0.9,1
538,8.966666666666667,right,395.537,198.537,37.549,5.512,0.9,1
539,8.983333333333333,left,162.826,221.018,26.618,191.746,0.92,0
539,8.983333333333333,right,204.451,218.953,27.156,13.226,0.92,0
539,8.983333333333333,left,530.302,214.407,37.107,166.008,0.9,1
539,8.983333333333333,left,308.264,199.86,35.677,187.873,0.9,1
539,8.983333333333333,right,396.457,197.728,38.19,3.76,0.9,1
539,8.983333333333333,distractor,210.043,334.932,11.623,71.387,0.35,1
540,9.0,left,162.556,220.729,26.141,191.545,0.92,0
540,9.0,right,204.843,219.602,27.329,13.285,0.92,0
540,9.0,left,530.353,214.148,34.468,167.436,0.9,1
540,9.0,left,310.525,199.707,35.493,184.378,0.9,1
540,9.0,right,399.688,198.014,36.586,5.286,0.9,1
541,9.016666666666667,left,161.67,221.0,25.635,190.879,0.92,0
541,9.016666666666667,right,205.903,220.706,28.958,11.766,0.92,0
541,9.016666666666667,left,532.174,215.222,35.375,163.204,0.9,1
541,9.016666666666667,left,311.845,200.325,35.882,183.328,0.9,1
541,9.016666666666667,right,401.097,197.582,36.964,2.617,0.9,1
542,9.033333333333333,left,162.924,220.595,26.848,191.575,0.92,0
542,9.033333333333333,right,208.493,219.968,26.046,13.631,0.92,0
542,9.033333333333333,left,531.911,214.122,36.554,163.909,0.9,1
542,9.033333333333333,left,314.088,198.588,36.506,186.673,0.9,1
542,9.033333333333333,right,402.526,197.735,36.259,7.107,0.9,1
543,9.05,left,163.632,221.415,26.605,187.289,0.92,0
543,9.05,right,211.175,220.452,29.41,12.532,0.92,0
543,9.05,left,534.083,213.703,35.052,166.977,0.9,1
543,9.05,left,315.48,199.462,35.551,184.504,0.9,1
543,9.05,right,404.43,198.166,36.442,3.822,0.9,1
545,9.083333333333334,left,162.965,220.633,26.418,189.154,0.92,0
545,9.083333333333334,right,212.27,220.034,26.519,14.864,0.92,0
545,9.083333333333334,left,533.004,214.778,35.738,166.643,0.9,1
545,9.083333333333334,left,317.6,199.898,33.013,184.489,0.9,1
545,9.083333333333334,right,408.807,199.093,37.531,0.5,0.9,1
546,9.1,left,163.695,220.85,26.146,191.865,0.92,0
546,9.1,right,213.873,218.537,27.97,12.725,0.92,0
546,9.1,left,532.971,214.002,36.876,163.053,0.9,1
546,9.1,left,318.838,199.393,37.118,184.668,0.9,1
546,9.1,right,410.076,198.151,37.911,5.66,0.9,1
546,9.1,distractor,201.269,154.232,6.34,83.317,0.35,0
547,9.116666666666667,left,164.235,219.59,26.62,190.406,0.92,0
547,9.116666666666667,right,215.262,219.462,28.855,10.856,0.92,0
547,9.116666666666667,left,534.56,215.509,36.111,166.453,0.9,1
547,9.116666666666667,left,320.864,198.794,37.175,184.582,0.9,1
547,9.116666666666667,right,412.19,199.01,36.634,4.878,0.9,1
548,9.133333333333333,left,163.314,220.146,25.5,191.073,0.92,0
548,9.133333333333333,right,217.459,219.136,27.971,10.489,0.92,0
548,9.133333333333333,left,535.919,213.999,33.14,166.536,0.9,1
548,9.133333333333333,left,322.37,199.308,34.478,182.637,0.9,1
548,9.133333333333333,right,414.009,197.536,38.422,0.94,0.9,1
549,9.15,left,163.963,220.81,28.84,193.474,0.92,0
549,9.15,right,218.406,218.955,29.589,9.162,0.92,0
549,9.15,left,534.823,214.808,35.337,162.506,0.9,1
549,9.15,left,324.294,198.729,33.579,185.387,0.9,1
549,9.15,right,415.931,198.115,35.665,1.44,0.9,1
550,9.166666666666666,left,164.954,220.341,25.9,190.496,0.92,0
550,9.166666666666666,right,220.444,218.351,28.206,9.318,0.92,0
550,9.166666666666666,left,536.285,214.822,36.886,166.608,0.9,1
550,9.166666666666666,left,325.968,198.569,35.599,185.854,0.9,1
550,9.166666666666666,right,418.191,197.844,37.076,2.977,0.9,1
551,9.183333333333334,left,166.149,220.275,28.798,192.504,0.92,0
551,9.183333333333334,right,221.121,220.381,28.157,9.92,0.92,0
551,9.183333333333334,left,536.707,214.8,35.501,163.967,0.9,1
551,9.183333333333334,left,328.232,199.422,37.112,183.988,0.9,1
551,9.183333333333334,right,419.994,198.088,37.377,3.811,0.9,1
552,9.2,left,166.229,219.357,27.591,187.187,0.92,0
552,9.2,right,222.702,218.74,29.453,10.787,0.92,0
552,9.2,left,537.625,215.549,36.916,166.999,0.9,1
552,9.2,left,330.794,199.437,35.983,181.459,0.9,1
552,9.2,right,422.353,198.003,37.676,3.645,0.9,1
553,9.216666666666667,left,166.518,219.715,28.013,188.264,0.92,0
553,9.216666666666667,right,225.196,218.949,28.377,12.358,0.92,0
553,9.216666666666667,left,538.042,213.904,34.876,163.156,0.9,1
553,9.216666666666667,left,330.862,198.47,37.359,184.565,0.9,1
553,9.216666666666667,right,424.035,199.125,39.833,4.189,0.9,1
553,9.216666666666667,distractor,521.439,299.113,14.392,81.339,0.35,0
554,9.233333333333333,left,167.855,218.28,26.414,191.176,0.92,0
554,9.233333333333333,right,226.357,218.998,28.869,8.014,0.92,0
554,9.233333333333333,left,537.84,214.498,35.869,166.485,0.9,1
554,9.233333333333333,left,332.647,200.321,35.765,185.372,0.9,1
554,9.233333333333333,right,425.695,198.849,34.78,0.455,0.9,1
555,9.25,left,169.511,219.545,28.459,189.123,0.92,0
555,9.25,right,228.844,220.234,28.576,7.109,0.92,0
555,9.25,left,538.4,214.691,34.038,167.368,0.9,1
555,9.25,left,335.488,199.269,34.863,180.39,0.9,1
555,9.25,right,426.601,197.914,38.045,1.179,0.9,1
556,9.266666666666667,left,169.845,219.934,26.872,185.516,0.92,0
556,9.266666666666667,right,228.89,219.242,27.643,8.01,0.92,0
556,9.266666666666667,left,539.031,215.347,32.099,163.695,0.9,1
556,9.266666666666667,left,334.647,198.88,38.036,181.332,0.9,1
556,9.266666666666667,right,429.566,197.11,37.79,1.111,0.9,1
557,9.283333333333333,left,170.531,219.336,26.991,183.648,0.92,0
557,9.283333333333333,right,232.17,219.363,27.466,6.99,0.92,0
557,9.283333333333333,left,538.623,215.132,35.046,164.381,0.9,1
557,9.283333333333333,left,336.837,199.116,36.077,184.046,0.9,1
557,9.283333333333333,right,431.839,199.101,37.172,2.054,0.9,1
558,9.3,left,170.799,218.971,29.753,190.256,0.92,0
558,9.3,right,233.635,219.102,29.328,4.985,0.92,0
558,9.3,left,538.636,214.379,34.951,165.213,0.9,1
558,9.3,left,339.35,198.492,38.237,181.968,0.9,1
558,9.3,right,433.978,197.425,37.73,0.145,0.9,1
559,9.316666666666666,left,172.087,220.425,29.773,185.696,0.92,0
559,9.316666666666666,right,234.977,220.442,27.136,9.219,0.92,0
559,9.316666666666666,left,539.852,216.02,34.544,164.02,0.9,1
559,9.316666666666666,left,341.209,199.744,36.792,182.728,0.9,1
559,9.316666666666666,right,435.547,199.009,39.588,2.061,0.9,1
560,9.333333333333334,left,172.51,219.003,27.565,185.198,0.92,0
560,9.333333333333334,right,236.383,219.799,29.191,9.111,0.92,0
560,9.333333333333334,left,539.518,215.44,35.005,163.864,0.9,1
560,9.333333333333334,left,342.96,198.707,35.683,183.015,0.9,1
560,9.333333333333334,right,438.189,199.71,38.31,-0.549,0.9,1
560,9.333333333333334,distractor,448.749,51.805,8.147,68.685,0.35,0
561,9.35,left,174.136,218.482,28.913,183.539,0.92,0
561,9.35,right,239.142,218.552,30.424,7.381,0.92,0
561,9.35,left,540.972,216.136,35.437,163.21,0.9,1
561,9.35,left,345.557,199.255,35.594,180.141,0.9,1
561,9.35,right,438.97,198.638,35.817,0.109,0.9,1
562,9.366666666666667,left,175.345,219.71,30.672,185.191,0.92,0
562,9.366666666666667,right,240.7,219.332,28.058,2.981,0.92,0
562,9.366666666666667,left,540.678,215.742,34.165,164.832,0.9,1
562,9.366666666666667,left,345.596,198.45,35.956,182.544,0.9,1
562,9.366666666666667,right,440.436,197.805,36.003,-0.112,0.9,1
563,9.383333333333333,left,176.215,219.251,28.27,189.051,0.92,0
563,9.383333333333333,right,242.845,218.83,29.704,7.236,0.92,0
563,9.383333333333333,left,540.624,214.745,34.004,168.044,0.9,1
563,9.383333333333333,left,348.044,198.869,37.09,177.918,0.9,1
563,9.383333333333333,right,442.242,198.23,35.971,-1.447,0.9,1
564,9.4,left,176.483,217.911,28.406,189.523,0.92,0
564,9.4,right,244.862,218.541,30.882,3.856,0.92,0
564,9.4,left,540.366,215.907,33.399,165.462,0.9,1
564,9.4,left,350.168,199.23,37.748,179.336,0.9,1
564,9.4,right,444.767,198.432,36.779,2.497,0.9,1
565,9.416666666666666,left,178.324,219.606,29.67,187.154,0.92,0
565,9.416666666666666,right,246.219,218.595,27.623,4.19,0.92,0
565,9.416666666666666,left,542.254,216.3,33.596,164.368,0.9,1
565,9.416666666666666,left,351.188,200.025,38.492,182.611,0.9,1
565,9.416666666666666,right,446.506,197.915,36.849,-0.729,0.9,1
566,9.433333333333334,left,179.181,218.81,27.275,187.595,0.92,0
566,9.433333333333334,right,249.446,217.689,29.793,4.679,0.92,0
566,9.433333333333334,left,541.032,215.335,34.378,164.731,0.9,1
566,9.433333333333334,right,263.248,216.59,32.583,16.475,0.9,1
566,9.433333333333334,left,353.604,197.987,36.561,182.148,0.9,1
566,9.433333333333334,right,447.474,197.154,36.122,0.421,0.9,1
567,9.45,left,182.002,218.729,27.192,188.949,0.92,0
567,9.45,right,250.716,218.582,27.667,3.782,0.92,0
567,9.45,right,262.767,216.989,35.333,14.658,0.9,1
567,9.45,left,356.396,199.337,37.738,183.677,0.9,1
567,9.45,right,450.357,197.6,38.129,-0.151,0.9,1
567,9.45,distractor,544.572,245.997,13.823,98.604,0.35,0
568,9.466666666666667,left,181.162,218.147,28.705,185.593,0.92,0
568,9.466666666666667,right,252.72,218.037,27.5,3.208,0.92,0
568,9.466666666666667,right,263.1,216.442,34.031,15.727,0.9,1
568,9.466666666666667,left,356.952,197.79,36.789,179.186,0.9,1
568,9.466666666666667,right,452.16,198.7,36.815,-0.591,0.9,1
569,9.483333333333333,left,182.971,218.67,27.339,183.549,0.92,0
569,9.483333333333333,right,255.308,219.541,28.683,1.92,0.92,0
569,9.483333333333333,right,264.05,214.486,34.587,15.422,0.9,1
569,9.483333333333333,left,358.974,197.495,36.999,179.776,0.9,1
569,9.483333333333333,right,453.51,197.579,37.376,-3.229,0.9,1
570,9.5,left,184.009,219.435,28.522,185.802,0.92,0
570,9.5,right,256.374,217.82,31.209,-1.808,0.92,0
570,9.5,right,263.654,215.658,32.855,11.192,0.9,1
570,9.5,left,360.815,198.859,38.298,179.708,0.9,1
570,9.5,right,454.751,198.914,37.259,-0.83,0.9,1
571,9.516666666666667,left,187.161,218.571,29.124,182.039,0.92,0
571,9.516666666666667,right,258.635,218.364,28.625,3.93,0.92,0
571,9.516666666666667,right,264.429,215.798,32.73,14.66,0.9,1
571,9.516666666666667,left,362.87,198.051,37.222,181.477,0.9,1
571,9.516666666666667,right,456.955,197.929,38.808,-1.282,0.9,1
572,9.533333333333333,left,187.604,217.687,27.267,183.395,0.92,0
572,9.533333333333333,right,259.84,218.996,30.647,1.399,0.92,0
572,9.533333333333333,right,265.589,216.468,31.966,11.718,0.9,1
572,9.533333333333333,left,363.792,198.047,38.447,177.776,0.9,1
572,9.533333333333333,right,458.424,197.883,35.493,-2.177,0.9,1
573,9.55,left,189.118,218.318,30.237,185.866,0.92,0
573,9.55,right,263.306,217.988,29.674,1.606,0.92,0
573,9.55,right,264.131,217.254,33.812,14.791,0.9,1
573,9.55,left,366.452,198.279,37.233,180.759,0.9,1
573,9.55,right,460.094,198.817,34.57,-0.733,0.9,1
574,9.566666666666666,left,191.216,217.777,29.73,182.527,0.92,0
574,9.566666666666666,right,263.464,218.554,28.584,-3.864,0.92,0
574,9.566666666666666,right,264.512,215.631,35.377,12.338,0.9,1
574,9.566666666666666,left,367.086,197.841,37.6,178.171,0.9,1
574,9.566666666666666,right,461.924,198.706,36.163,-4.105,0.9,1
574,9.566666666666666,distractor,518.31,65.44,8.026,91.928,0.35,0
575,9.583333333333334,left,192.425,217.78,28.839,182.914,0.92,0
575,9.583333333333334,right,266.209,218.951,30.2,-0.114,0.92,0
575,9.583333333333334,right,266.701,214.865,34.553,17.423,0.9,1
575,9.583333333333334,left,369.591,198.694,37.157,179.579,0.9,1
575,9.583333333333334,right,464.567,199.327,37.654,-4.119,0.9,1
576,9.6,left,193.397,217.849,30.702,181.328,0.92,0
576,9.6,right,267.998,217.443,31.696,3.931,0.92,0
576,9.6,right,145.651,230.744,29.262,16.878,0.92,0
576,9.6,right,265.675,216.181,32.502,16.406,0.9,1
576,9.6,left,371.921,198.016,35.493,179.878,0.9,1
576,9.6,right,465.067,198.634,35.655,-4.361,0.9,1
577,9.616666666666667,left,195.682,216.864,27.582,180.173,0.92,0
577,9.616666666666667,right,270.125,217.971,29.149,-0.584,0.92,0
577,9.616666666666667,right,145.759,229.49,27.055,16.677,0.92,0
577,9.616666666666667,right,267.116,215.611,35.861,15.878,0.9,1
577,9.616666666666667,left,373.066,197.256,38.164,178.009,0.9,1
577,9.616666666666667,right,466.103,197.69,37.623,-3.22,0.9,1
578,9.633333333333333,left,197.158,217.893,30.3,182.889,0.92,0
578,9.633333333333333,right,272.145,217.865,28.909,1.775,0.92,0
578,9.633333333333333,right,143.511,230.922,27.513,13.267,0.92,0
578,9.633333333333333,right,266.29,214.416,34.601,12.253,0.9,1
578,9.633333333333333,left,375.294,198.022,36.776,178.177,0.9,1
578,9.633333333333333,right,469.624,197.458,37.899,-6.444,0.9,1
579,9.65,left,199.567,217.982,28.858,185.376,0.92,0
579,9.65,right,274.984,218.951,27.452,0.7,0.92,0
579,9.65,right,144.258,229.434,28.567,15.289,0.92,0
579,9.65,right,266.984,216.228,34.177,14.0,0.9,1
579,9.65,left,376.938,198.878,36.296,179.088,0.9,1
579,9.65,right,470.302,197.71,37.569,-5.222,0.9,1
581,9.683333333333334,left,201.544,217.612,30.086,177.119,0.92,0
581,9.683333333333334,right,278.209,218.092,28.509,0.018,0.92,0
581,9.683333333333334,right,142.974,230.745,26.432,17.154,0.92,0
581,9.683333333333334,right,267.79,215.062,31.942,16.649,0.9,1
581,9.683333333333334,left,380.527,197.073,37.215,178.581,0.9,1
581,9.683333333333334,right,474.101,198.255,36.907,-2.082,0.9,1
581,9.683333333333334,distractor,103.384,434.013,9.846,112.439,0.35,0
582,9.7,left,204.755,216.811,31.634,184.779,0.92,0
582,9.7,right,279.495,217.856,29.642,-1.362,0.92,0
582,9.7,right,142.955,230.949,29.902,14.618,0.92,0
582,9.7,right,268.191,216.319,35.326,12.559,0.9,1
582,9.7,left,382.093,197.625,39.342,176.972,0.9,1
582,9.7,right,475.835,198.183,33.701,-4.92,0.9,1
583,9.716666666666667,left,206.77,218.596,31.057,179.096,0.92,0
583,9.716666666666667,right,143.016,229.747,27.692,18.162,0.92,0
583,9.716666666666667,right,269.252,215.637,34.978,16.366,0.9,1
583,9.716666666666667,left,384.13,197.8,38.088,177.375,0.9,1
583,9.716666666666667,right,476.788,197.546,37.594,-6.563,0.9,1
584,9.733333333333333,left,208.261,217.739,30.843,179.586,0.92,0
584,9.733333333333333,right,141.728,230.462,28.7,10.874,0.92,0
584,9.733333333333333,right,269.503,215.764,34.811,13.081,0.9,1
584,9.733333333333333,left,385.931,199.007,37.482,178.452,0.9,1
584,9.733333333333333,right,479.585,198.53,35.92,-4.552,0.9,1
585,9.75,left,210.011,218.413,30.226,179.846,0.92,0
585,9.75,right,141.956,229.49,30.024,14.898,0.92,0
585,9.75,right,268.187,215.139,34.648,14.415,0.9,1
585,9.75,left,388.035,197.723,37.246,176.677,0.9,1
585,9.75,right,480.876,199.276,37.482,-4.461,0.9,1
586,9.766666666666667,left,212.861,218.214,31.325,175.421,0.92,0
586,9.766666666666667,right,142.648,230.314,27.886,14.043,0.92,0
586,9.766666666666667,right,269.372,215.183,33.325,14.825,0.9,1
586,9.766666666666667,left,389.544,197.029,37.104,177.9,0.9,1
586,9.766666666666667,right,481.945,197.827,36.561,-4.06,0.9,1
588,9.8,left,215.97,216.674,31.928,178.92,0.92,0
588,9.8,right,140.928,230.159,28.881,12.248,0.92,0
588,9.8,right,270.627,215.627,35.121,16.973,0.9,1
588,9.8,left,392.754,197.406,38.69,179.404,0.9,1
588,9.8,right,485.157,199.408,36.948,-5.764,0.9,1
588,9.8,distractor,251.095,286.782,11.475,80.868,0.35,1
589,9.816666666666666,left,217.324,217.786,29.583,179.654,0.92,0
589,9.816666666666666,right,142.3,229.961,29.865,10.797,0.92,0
589,9.816666666666666,right,271.646,215.562,33.782,14.17,0.9,1
589,9.816666666666666,left,395.744,198.593,37.646,179.065,0.9,1
589,9.816666666666666,right,486.576,199.132,38.469,-6.053,0.9,1
590,9.833333333333334,left,221.216,217.162,32.479,177.629,0.92,0
590,9.833333333333334,right,141.354,229.6,30.318,17.364,0.92,0
590,9.833333333333334,right,272.588,215.896,31.668,17.998,0.9,1
590,9.833333333333334,left,396.811,197.93,37.488,175.21,0.9,1
590,9.833333333333334,right,488.214,198.494,38.447,-5.966,0.9,1
591,9.85,left,222.752,216.215,30.913,178.624,0.92,0
591,9.85,right,141.632,229.71,30.647,16.317,0.92,0
591,9.85,right,272.189,214.845,34.743,15.755,0.9,1
591,9.85,left,400.19,198.093,36.386,176.088,0.9,1
591,9.85,right,488.802,197.872,36.302,-5.741,0.9,1
592,9.866666666666667,left,224.907,216.994,29.042,176.669,0.92,0
592,9.866666666666667,right,142.002,228.704,29.658,15.476,0.92,0
592,9.866666666666667,right,273.676,215.36,36.586,15.114,0.9,1
592,9.866666666666667,left,401.127,199.184,36.697,178.424,0.9,1
592,9.866666666666667,right,491.806,199.376,38.222,-3.95,0.9,1
593,9.883333333333333,left,226.993,216.887,32.136,177.825,0.92,0
593,9.883333333333333,right,142.008,229.094,28.653,15.488,0.92,0
593,9.883333333333333,right,274.224,215.096,34.848,14.986,0.9,1
593,9.883333333333333,left,402.878,198.911,37.225,175.526,0.9,1
593,9.883333333333333,right,492.129,198.756,36.062,-2.77,0.9,1
594,9.9,left,229.333,217.938,31.912,173.936,0.92,0
594,9.9,right,140.996,230.529,29.703,13.431,0.92,0
594,9.9,right,274.283,215.4,34.524,10.328,0.9,1
594,9.9,left,404.325,197.727,37.323,177.953,0.9,1
594,9.9,right,494.078,198.861,37.003,-6.53,0.9,1
595,9.916666666666666,left,230.891,216.495,31.031,175.063,0.92,0
595,9.916666666666666,right,142.799,229.003,30.089,13.779,0.92,0
595,9.916666666666666,left,262.689,217.171,30.677,192.705,0.9,1
595,9.916666666666666,right,273.682,215.146,35.163,14.65,0.9,1
595,9.916666666666666,left,407.101,197.558,38.962,178.183,0.9,1
595,9.916666666666666,right,495.03,199.589,38.859,-4.045,0.9,1
595,9.916666666666666,distractor,100.144,247.579,13.286,101.012,0.35,1
596,9.933333333333334,left,233.398,217.886,31.304,172.412,0.92,0
596,9.933333333333334,right,142.272,229.106,32.689,17.264,0.92,0
596,9.933333333333334,left,262.097,217.872,31.135,197.491,0.9,1
596,9.933333333333334,right,275.036,215.145,33.981,15.911,0.9,1
596,9.933333333333334,left,408.049,197.46,39.811,176.891,0.9,1
596,9.933333333333334,right,497.128,198.305,37.323,-9.067,0.9,1
597,9.95,left,235.881,216.321,32.091,176.155,0.92,0
597,9.95,right,142.761,228.9,31.085,13.541,0.92,0
597,9.95,left,262.925,218.11,30.181,194.216,0.9,1
597,9.95,right,276.246,214.512,35.204,16.952,0.9,1
597,9.95,left,410.204,197.903,38.88,175.825,0.9,1
597,9.95,right,497.968,199.304,36.06,-7.478,0.9,1
598,9.966666666666667,left,237.511,216.591,32.5,175.831,0.92,0
598,9.966666666666667,right,142.448,229.843,29.868,16.654,0.92,0
598,9.966666666666667,left,262.067,217.237,32.24,194.313,0.9,1
598,9.966666666666667,right,275.348,215.278,34.938,17.064,0.9,1
598,9.966666666666667,left,411.467,197.743,38.486,176.487,0.9,1
598,9.966666666666667,right,499.357,197.94,38.425,-7.959,0.9,1
599,9.983333333333333,left,238.915,216.279,31.975,172.73,0.92,0
599,9.983333333333333,left,124.673,230.447,28.168,193.345,0.92,0
599,9.983333333333333,right,142.869,229.817,29.484,15.555,0.92,0
599,9.983333333333333,left,261.752,215.963,32.607,198.343,0.9,1
599,9.983333333333333,right,276.45,214.204,34.205,13.875,0.9,1
599,9.983333333333333,left,412.707,197.992,38.597,173.413,0.9,1
599,9.983333333333333,right,500.013,199.075,35.59,-4.124,0.9,1
